
running 1520 tests
test aggregation::agg_req::tests::deser_json_test ... ok
test aggregation::agg_req::tests::deser_json_test_bucket ... ok
test aggregation::agg_req::tests::test_metric_aggregations_deser ... ok
test aggregation::agg_req::tests::serialize_to_json_test ... ok
test aggregation::agg_req::tests::test_get_fast_field_names ... ok
test aggregation::agg_data::tests::test_multi_terms_expands_physical_column_cartesian_product ... ok
test aggregation::agg_data::tests::test_multi_terms_skips_missing_when_any_physical_column_is_full ... ok
test aggregation::agg_tests::test_aggregation_invalid_requests ... ok
test aggregation::agg_limits::tests::test_agg_limits_with_empty_data ... ok
test aggregation::agg_limits::tests::test_agg_limits_with_empty_merge ... ok
test aggregation::agg_tests::test_aggregation_field_validation_helper ... ok
test aggregation::agg_tests::test_aggregation_on_json_object ... ok
test aggregation::agg_tests::test_aggregation_level1_simple ... ok
test aggregation::agg_tests::test_aggregation_level1 ... ok
test aggregation::agg_data::tests::test_tree_roots_and_expansion_terms_missing_on_numeric ... ok
test aggregation::agg_tests::test_aggregation_level2_multi_segments ... ok
test aggregation::agg_tests::test_aggregation_on_nested_json_object ... ok
test aggregation::agg_tests::test_aggregation_on_json_object_empty_columns ... ok
test aggregation::agg_tests::test_aggregation_on_json_object_mixed_numerical_segments ... ok
test aggregation::agg_tests::test_aggregation_level2_single_segment ... ok
test aggregation::agg_tests::test_aggregation_level2_multi_segments_distributed_collector ... ok
test aggregation::agg_tests::test_aggregation_level2_single_segment_distributed_collector ... ok
test aggregation::agg_tests::test_aggregation_on_json_object_mixed_types ... ok
test aggregation::bucket::composite::calendar_interval::tests::test_month_bucket ... ok
test aggregation::bucket::composite::calendar_interval::tests::test_week_bucket ... ok
test aggregation::agg_tests::test_percentile_order_segment_level ... ok
test aggregation::agg_tests::test_percentile_order_prune_intermediate ... ok
test aggregation::bucket::composite::calendar_interval::tests::test_year_bucket ... ok
test aggregation::bucket::composite::map::tests::test_dyn_array_heap_map ... ok
test aggregation::bucket::composite::numeric_types::num_cmp_tests::test_cmp_i64_f64 ... ok
test aggregation::bucket::composite::numeric_types::num_cmp_tests::test_cmp_i64_u64 ... ok
test aggregation::bucket::composite::numeric_types::num_cmp_tests::test_cmp_u64_f64 ... ok
test aggregation::bucket::composite::numeric_types::num_proj_tests::test_f64_to_i64 ... ok
test aggregation::bucket::composite::numeric_types::num_proj_tests::test_f64_to_u64 ... ok
test aggregation::agg_tests::test_date_histogram_as_subagg_parent_more_vs_child_more ... ok
test aggregation::bucket::composite::numeric_types::num_proj_tests::test_i64_to_f64 ... ok
test aggregation::bucket::composite::numeric_types::num_proj_tests::test_i64_to_u64 ... ok
test aggregation::bucket::composite::numeric_types::num_proj_tests::test_u64_to_f64 ... ok
test aggregation::bucket::composite::numeric_types::num_proj_tests::test_u64_to_i64 ... ok
test aggregation::agg_tests::test_histogram_as_subagg_parent_more_vs_child_more ... ok
test aggregation::agg_tests::test_terms_as_subagg_parent_more_vs_child_more ... ok
test aggregation::bucket::composite::tests::composite_aggregation_date_histogram_calendar_interval ... ok
test aggregation::bucket::composite::tests::composite_aggregation_date_histogram_fixed_interval ... ok
test aggregation::agg_tests::test_range_as_subagg_parent_more_vs_child_more ... ok
test aggregation::bucket::composite::tests::composite_aggregation_mixed_term_and_date_histogram ... ok
test aggregation::bucket::composite::tests::composite_aggregation_histogram_basic ... ok
test aggregation::bucket::composite::tests::composite_aggregation_no_matching_columns ... ok
test aggregation::bucket::composite::tests::composite_aggregation_term_date_fields ... ok
test aggregation::bucket::composite::tests::composite_aggregation_term_json_nested_fields ... ok
test aggregation::bucket::composite::tests::composite_aggregation_histogram_json_mixed_types ... ok
test aggregation::bucket::composite::tests::composite_aggregation_term_ip_fields ... ok
test aggregation::bucket::composite::tests::composite_aggregation_term_json_various_types ... ok
test aggregation::bucket::composite::tests::composite_aggregation_term_json_missing_fields ... ok
test aggregation::bucket::composite::tests::composite_aggregation_term_missing_values ... ok
test aggregation::bucket::composite::tests::composite_aggregation_term_missing_order ... ok
test aggregation::bucket::composite::tests::composite_aggregation_term_multi_segment ... ok
test aggregation::bucket::composite::tests::composite_aggregation_term_multi_source ... ok
test aggregation::bucket::composite::tests::composite_aggregation_term_multi_source_ordering ... ok
test aggregation::bucket::composite::tests::composite_aggregation_term_multi_value_fields ... ok
test aggregation::bucket::composite::tests::composite_aggregation_term_multiple_column_types ... ok
test aggregation::bucket::composite::tests::composite_aggregation_term_ordering ... ok
test aggregation::bucket::composite::tests::composite_aggregation_term_numeric_fields ... ok
test aggregation::bucket::custom_order_serde_test ... ok
test aggregation::agg_tests::test_terms_sub_agg_flushing_skewed_buckets ... ok
test aggregation::bucket::composite::tests::composite_aggregation_term_with_sub_aggregations ... ok
test aggregation::bucket::composite::tests::composite_aggregation_term_size_limit_multi_segment ... ok
test aggregation::bucket::composite::tests::composite_aggregation_term_single_segment ... ok
test aggregation::bucket::composite::tests::composite_aggregation_term_validation_errors ... ok
test aggregation::bucket::composite::tests::composite_aggregation_term_size_limit_single_segment ... ok
test aggregation::bucket::filter::tests::test_filter_on_empty_index ... ok
test aggregation::bucket::composite::tests::composite_aggregation_term_json_mixed_types ... ok
test aggregation::bucket::filter::tests::test_basic_filter_with_metric_agg ... ok
test aggregation::bucket::filter::tests::test_bool_field_filter ... ok
test aggregation::bucket::filter::tests::test_custom_query_builder ... ok
test aggregation::bucket::filter::tests::test_boolean_query_filter ... ok
test aggregation::bucket::filter::tests::test_deeply_nested_filters ... ok
test aggregation::bucket::filter::tests::test_filter_result_correctness_vs_separate_query ... ok
test aggregation::bucket::filter::tests::test_filter_with_base_query ... ok
test aggregation::bucket::filter::tests::test_malformed_query_string ... ok
test aggregation::bucket::filter::tests::test_filter_with_multiple_metric_aggs ... ok
test aggregation::bucket::filter::tests::test_filter_with_terms_sub_agg ... ok
test aggregation::bucket::filter::tests::test_filter_with_no_matches ... ok
test aggregation::bucket::filter::tests::test_multiple_nested_branches ... ok
test aggregation::bucket::filter::tests::test_multiple_independent_filters ... ok
test aggregation::bucket::filter::tests::test_nested_filters_with_multiple_siblings_at_each_level ... ok
test aggregation::bucket::histogram::date_histogram::tests::histogram_test_invalid_req ... ok
test aggregation::bucket::histogram::date_histogram::tests::test_parse_into_milliseconds_do_not_accept_non_ascii ... ok
test aggregation::bucket::histogram::date_histogram::tests::test_parse_into_millisecs ... ok
test aggregation::bucket::histogram::date_histogram::tests::test_parse_offset_into_milliseconds ... ok
test aggregation::bucket::filter::tests::test_query_builder_serialization_roundtrip ... ok
test aggregation::bucket::filter::tests::test_term_query_filter ... ok
test aggregation::bucket::filter::tests::test_query_string_serialization ... ok
test aggregation::bucket::filter::tests::test_two_level_nested_filters ... ok
test aggregation::bucket::filter::tests::test_range_query_filter ... ok
test aggregation::bucket::histogram::histogram::tests::histogram_date_test_multi_segment ... ok
test aggregation::bucket::histogram::date_histogram::tests::histogram_test_date ... ok
test aggregation::bucket::histogram::histogram::tests::histogram_empty_result_behaviour_test_multi_segment ... ok
test aggregation::bucket::histogram::histogram::tests::histogram_date_test_single_segment ... ok
test aggregation::bucket::histogram::date_histogram::tests::histogram_test_date_force_merge_segments ... ok
test aggregation::bucket::histogram::histogram::tests::histogram_extended_bounds_test_multi_segment ... ok
test aggregation::bucket::histogram::histogram::tests::histogram_empty_result_behaviour_test_single_segment ... ok
test aggregation::bucket::histogram::histogram::tests::histogram_extended_bounds_test_single_segment ... ok
test aggregation::bucket::histogram::histogram::tests::histogram_invalid_request ... ok
test aggregation::bucket::histogram::histogram::tests::histogram_hard_bounds_test_multi_segment ... ok
test aggregation::bucket::histogram::histogram::tests::histogram_hard_bounds_test_single_segment ... ok
test aggregation::bucket::histogram::histogram::tests::histogram_merge_test ... ok
test aggregation::bucket::histogram::histogram::tests::histogram_min_doc_test_single_segments ... ok
test aggregation::bucket::histogram::histogram::tests::histogram_min_doc_test_multi_segments ... ok
test aggregation::bucket::histogram::histogram::tests::histogram_single_bucket_test_multi_segment ... ok
test aggregation::bucket::histogram::histogram::tests::histogram_non_binding_hard_bounds_test_multi_segment ... ok
test aggregation::bucket::histogram::histogram::tests::histogram_single_bucket_test_single_segment ... ok
test aggregation::bucket::histogram::histogram::tests::histogram_non_binding_hard_bounds_test_single_segment ... ok
test aggregation::bucket::histogram::histogram::tests::test_aggregation_histogram_empty_index ... ok
test aggregation::bucket::histogram::histogram::tests::histogram_test_crooked_values ... ok
test aggregation::bucket::multi_terms::tests::test_multi_terms_accepts_numeric_missing_on_str_field ... ok
test aggregation::bucket::multi_terms::tests::test_multi_terms_basic_two_fields ... ok
test aggregation::bucket::histogram::histogram::tests::histogram_test_min_value_positive ... ok
test aggregation::bucket::multi_terms::tests::test_multi_terms_combo_dropped_when_field_missing_no_fallback ... ok
test aggregation::bucket::multi_terms::tests::test_multi_terms_dedups_mixed_repeats_in_multivalued_field ... ok
test aggregation::bucket::histogram::histogram::tests::histogram_test_min_value_positive_force_merge_segments ... ok
test aggregation::bucket::multi_terms::tests::test_multi_terms_dedups_repeated_value_in_multivalued_field ... ok
test aggregation::bucket::multi_terms::tests::test_multi_terms_error_empty_terms ... ok
test aggregation::bucket::multi_terms::tests::test_multi_terms_expands_three_multivalued_fields ... ok
test aggregation::bucket::multi_terms::tests::test_multi_terms_expands_multiple_multivalued_fields_before_filtering ... ok
test aggregation::bucket::multi_terms::tests::test_multi_terms_fast_path_constant_field ... ok
test aggregation::bucket::multi_terms::tests::test_multi_terms_fast_path_multi_type_fields ... ok
test aggregation::bucket::multi_terms::tests::test_multi_terms_distributed_collector ... ok
test aggregation::bucket::multi_terms::tests::test_multi_terms_fast_path_noncontiguous_docs ... ok
test aggregation::bucket::multi_terms::tests::test_multi_terms_filters_single_values_between_fields ... ok
test aggregation::bucket::multi_terms::tests::test_multi_terms_memory_consumption_accounts_for_spilled_keys ... ok
test aggregation::bucket::multi_terms::tests::test_multi_terms_json_type_fanout_uses_optional_columns ... ok
test aggregation::bucket::multi_terms::tests::test_multi_terms_key_as_string_pipe_join ... ok
test aggregation::bucket::multi_terms::tests::test_multi_terms_merges_buckets_on_intermediate_key_collision ... ok
test aggregation::bucket::multi_terms::tests::test_multi_terms_min_doc_count ... ok
test aggregation::bucket::multi_terms::tests::test_multi_terms_missing_fallback ... ok
test aggregation::bucket::multi_terms::tests::test_multi_terms_missing_fallback_on_json_path_absent_from_segment ... ok
test aggregation::bucket::multi_terms::tests::test_multi_terms_json_type_fanout_missing_and_sub_aggregations ... ok
test aggregation::bucket::multi_terms::tests::test_multi_terms_missing_fast_path_noncontiguous_docs ... ok
test aggregation::bucket::multi_terms::tests::test_multi_terms_missing_reuses_existing_term_before_segment_cutoff ... ok
test aggregation::bucket::multi_terms::tests::test_multi_terms_missing_subagg_value_sorts_last_at_segment_cutoff ... ok
test aggregation::bucket::multi_terms::tests::test_multi_terms_missing_subagg_value_sorts_last_with_multivalued_field ... ok
test aggregation::bucket::multi_terms::tests::test_multi_terms_order_by_key_asc ... ok
test aggregation::bucket::multi_terms::tests::test_multi_terms_rejects_bytes_field ... ok
test aggregation::bucket::multi_terms::tests::test_multi_terms_serde_round_trip ... ok
test aggregation::bucket::multi_terms::tests::test_multi_terms_rejects_numeric_missing_on_bool_field ... ok
test aggregation::bucket::multi_terms::tests::test_multi_terms_multi_segment_merge ... ok
test aggregation::bucket::multi_terms::tests::test_multi_terms_sub_aggregation ... ok
test aggregation::bucket::multi_terms::tests::test_multi_terms_u64_max_handles_multivalue_missing_and_sub_aggregation ... ok
test aggregation::bucket::multi_terms::tests::test_multi_terms_u64_array_packs_optional_field_directly ... ok
test aggregation::bucket::range::tests::bucket_range_test_negative_vals ... ok
test aggregation::bucket::range::tests::bucket_range_test_positive_vals ... ok
test aggregation::bucket::multi_terms::tests::test_multi_terms_size_and_sum_other ... ok
test aggregation::bucket::range::tests::bucket_test_extend_range_hole ... ok
test aggregation::bucket::range::tests::bucket_test_range_conversion_special_case ... ok
test aggregation::bucket::range::tests::range_binary_search_test_u64 ... ok
test aggregation::bucket::range::tests::range_binary_search_test_f64 ... ok
test aggregation::bucket::multi_terms::tests::test_multi_terms_wide_fields_use_u64_array_key ... ok
test aggregation::bucket::range::tests::range_date_test_multi_segment ... ok
test aggregation::bucket::range::tests::range_date_test_single_segment ... ok
test aggregation::bucket::filter::tests::test_custom_tokenizer_required ... ok
test aggregation::bucket::histogram::histogram::tests::histogram_keyed_buckets_test ... ok
test aggregation::bucket::histogram::histogram::tests::histogram_memory_limit ... ok
test aggregation::bucket::histogram::histogram::tests::histogram_simple_test ... ok
test aggregation::bucket::term_agg::term_histogram::tests::fused_term_histogram_linear_bucket_resolver ... ok
test aggregation::bucket::term_agg::term_histogram::tests::fused_term_histogram_single_bucket_resolver ... ok
test aggregation::bucket::term_agg::term_histogram::tests::fused_term_histogram_hard_bounds_charges_term_counts ... ok
test aggregation::bucket::term_agg::term_histogram::tests::fused_term_histogram_many_terms ... ok
test aggregation::bucket::term_agg::term_histogram::tests::fused_term_histogram_with_hard_bounds ... ok
test aggregation::bucket::term_agg::term_histogram::tests::fused_term_histogram_with_missing_on_full_column ... ok
test aggregation::bucket::term_agg::tests::low_card_term_map_consolidates_count_lanes_and_shares_bucket_ids ... ok
test aggregation::bucket::term_agg::term_histogram::tests::fused_term_histogram_with_non_binding_hard_bounds ... ok
test aggregation::bucket::term_agg::tests::paged_term_map_reuses_buckets_and_counts ... ok
test aggregation::bucket::term_agg::term_histogram::tests::fused_term_histogram_test ... ok
test aggregation::bucket::term_agg::tests::terms_agg_request_with_exclude_returns_missing_term_bucket ... ok
test aggregation::bucket::term_agg::tests::terms_aggregation_bool ... ok
test aggregation::bucket::term_agg::tests::terms_aggregation_bytes ... ok
test aggregation::bucket::term_agg::tests::terms_aggregation_date ... ok
test aggregation::bucket::term_agg::tests::terms_aggregation_date_missing ... ok
test aggregation::bucket::term_agg::tests::terms_aggregation_different_tokenizer_on_ff_test ... ok
test aggregation::bucket::term_agg::tests::terms_aggregation_ip_addr ... ok
test aggregation::bucket::range::tests::range_custom_key_keyed_buckets_test ... ok
test aggregation::bucket::term_agg::tests::terms_aggregation_error_count_test ... ok
test aggregation::bucket::term_agg::tests::null_bitset_bounds_check_regression ... ok
test aggregation::bucket::term_agg::tests::terms_aggregation_min_doc_count_special_case_with_sub_agg_empty_merge ... ok
test aggregation::bucket::term_agg::tests::terms_aggregation_min_doc_count_special_case ... ok
test aggregation::bucket::term_agg::tests::terms_aggregation_missing_empty ... ok
test aggregation::bucket::range::tests::range_fraction_test_with_sub_agg ... ok
test aggregation::bucket::term_agg::tests::terms_aggregation_missing_simple_id ... ok
test aggregation::bucket::term_agg::tests::terms_aggregation_missing1 ... ok
test aggregation::bucket::term_agg::tests::terms_aggregation_order_by_cardinality_desc_multi_segment ... ok
test aggregation::bucket::term_agg::tests::terms_aggregation_order_by_cardinality_desc_single_segment ... ok
test aggregation::bucket::term_agg::tests::terms_aggregation_missing_multi_value ... ok
test aggregation::bucket::term_agg::tests::terms_aggregation_order_by_sum_multi_segment ... ok
test aggregation::bucket::range::tests::range_custom_key_test ... ok
test aggregation::bucket::range::tests::range_fraction_test ... ok
test aggregation::bucket::term_agg::tests::terms_aggregation_sub_agg_vec_highcard_eager_ids ... ok
test aggregation::bucket::term_agg::tests::terms_aggregation_order_by_sum_single_segment ... ok
test aggregation::bucket::term_agg::tests::terms_aggregation_test ... ok
test aggregation::bucket::term_agg::tests::terms_aggregation_test_key_order ... ok
test aggregation::bucket::term_agg::tests::terms_aggregation_test_order_count_single_segment ... ok
test aggregation::bucket::term_agg::tests::terms_aggregation_test_count_order ... ok
test aggregation::bucket::term_agg::tests::terms_aggregation_u64_max_value_does_not_overflow ... ok
test aggregation::bucket::term_agg::tests::terms_aggregation_test_order_key_single_segment ... ok
test aggregation::bucket::term_agg::tests::terms_aggregation_u64_value ... ok
test aggregation::bucket::term_agg::tests::terms_empty_json ... ok
test aggregation::bucket::term_agg::tests::test_json_format ... ok
test aggregation::bucket::term_agg::tests::terms_aggregation_sub_agg_vec_highcard_lazy_ids ... ok
test aggregation::bucket::term_agg::tests::test_simple_agg ... ok
test aggregation::bucket::term_missing_agg::tests::terms_aggregation_missing_mixed_type_mult_seg ... ok
test aggregation::bucket::term_missing_agg::tests::terms_aggregation_missing_mixed_type_mult_seg_sub_agg ... ok
test aggregation::bucket::term_missing_agg::tests::terms_aggregation_missing_mixed_type_sub_agg_reg1 ... ok
test aggregation::bucket::term_missing_agg::tests::terms_aggregation_missing_mixed_type_one_seg ... ok
test aggregation::bucket::term_agg::tests::terms_aggregation_test_single_segment ... ok
test aggregation::bucket::term_missing_agg::tests::terms_aggregation_missing_single_seg_empty ... ok
test aggregation::intermediate_agg_result::tests::test_merge_fruits_tree_1 ... ok
test aggregation::bucket::term_missing_agg::tests::terms_aggregation_missing_str_on_numeric_field ... ok
test aggregation::intermediate_agg_result::tests::test_merge_fruits_tree_2 ... ok
test aggregation::intermediate_agg_result::tests::test_merge_fruits_tree_empty ... ok
test aggregation::intermediate_agg_result::tests::test_prune_intermediate_results_finalizer_size ... ok
test aggregation::bucket::term_agg::tests::terms_aggregation_test_order_sub_agg_single_segment ... ok
test aggregation::intermediate_agg_result::tests::test_prune_intermediate_results_segment_size ... ok
test aggregation::intermediate_agg_result::tests::test_prune_intermediate_results_key_order ... ok
test aggregation::intermediate_agg_result::tests::test_prune_intermediate_results_via_top_level ... ok
test aggregation::intermediate_agg_result::tests::test_term_bucket_doc_count_no_u32_overflow ... ok
test aggregation::metric::average::tests::deserialization_with_missing_test1 ... ok
test aggregation::metric::average::tests::deserialization_with_missing_test_fail ... ok
test aggregation::metric::cardinality::tests::bitset_accumulator_basic ... ok
test aggregation::metric::cardinality::tests::cardinality_aggregation_ip_addr ... ok
test aggregation::bucket::term_missing_agg::tests::terms_aggregation_missing_mult_seg_empty ... ok
test aggregation::bucket::term_agg::tests::terms_aggregation_term_bucket_limit ... ok
test aggregation::metric::cardinality::tests::cardinality_aggregation_json ... ok
test aggregation::bucket::term_agg::tests::terms_aggregation_test_sub_agg_order ... ok
test aggregation::metric::cardinality::tests::cardinality_aggregation_test_empty_index ... ok
test aggregation::metric::cardinality::tests::cardinality_aggregation_bytes_excluded_from_accessors ... ok
test aggregation::metric::cardinality::tests::cardinality_aggregation_json_str_and_numeric ... ok
test aggregation::metric::cardinality::tests::cardinality_aggregation_missing_value_single_empty_doc ... ok
test aggregation::metric::cardinality::tests::cardinality_collector_merge ... ok
test aggregation::metric::cardinality::tests::cardinality_collector_merge_stays_exact_for_small_sets ... ok
test aggregation::metric::cardinality::tests::cardinality_collector_salt_differentiates_types ... ok
test aggregation::metric::cardinality::tests::cardinality_collector_serde_roundtrip ... ok
test aggregation::metric::cardinality::tests::cardinality_collector_serialize_deserialize_binary ... ok
test aggregation::metric::cardinality::tests::paged_bitset_basic ... ok
test aggregation::metric::cardinality::tests::cardinality_aggregation_u64 ... ok
test aggregation::metric::cardinality::tests::term_ord_set_promotes_on_maybe_compact ... ok
test aggregation::metric::extended_stats::tests::extended_stat_multiple_values ... ok
test aggregation::metric::extended_stats::tests::extended_stat_one_value ... ok
test aggregation::metric::extended_stats::tests::extended_stat_zero_value ... ok
test aggregation::metric::extended_stats::tests::merge_and_then_collect_non_empty_extended_stats ... ok
test aggregation::metric::cardinality::tests::cardinality_aggregation_test_str_bitset_with_missing ... ok
test aggregation::metric::extended_stats::tests::merge_empty_with_multiple_values ... ok
test aggregation::metric::extended_stats::tests::merge_empty_with_one_value ... ok
test aggregation::metric::extended_stats::tests::merge_non_empty_extended_stats ... ok
test aggregation::metric::extended_stats::tests::test_aggregation_extended_stats_no_variance ... ok
test aggregation::metric::cardinality::tests::string_cardinality_with_visibility_filter ... ok
test aggregation::metric::cardinality::tests::cardinality_aggregation_test ... ok
test aggregation::metric::extended_stats::tests::test_aggregation_extended_stats ... ok
test aggregation::metric::percentiles::tests::test_aggregation_percentile_parameters ... ok
test aggregation::metric::extended_stats::tests::test_aggregation_extended_stats_with_sigma ... ok
test aggregation::metric::cardinality::tests::cardinality_aggregation_test_single_segment ... ok
test aggregation::metric::percentiles::tests::test_aggregation_percentiles_empty_index ... ok
test aggregation::metric::percentiles::tests::test_aggregation_percentile_simple ... ok
test aggregation::metric::max::tests::test_max_agg_with_missing ... ok
test aggregation::metric::extended_stats::tests::test_aggregation_extended_stats_with_variance_similar_to_mean ... ok
test aggregation::metric::percentiles::tests::test_percentiles_missing_sub_agg ... ok
test aggregation::metric::percentiles::tests::test_percentiles_missing ... ok
test aggregation::metric::stats::tests::test_aggregation_stats_empty_index ... ok
test aggregation::metric::stats::tests::test_aggregation_stats_simple ... ok
test aggregation::metric::stats::tests::test_aggregation_stats ... ok
test aggregation::metric::stats::tests::test_stats_json ... ok
test aggregation::metric::sum::tests::test_sum_aggregation_empty_index_default_matches_es ... ok
test aggregation::metric::stats::tests::test_stats_json_missing_sub_agg ... ok
test aggregation::metric::sum::tests::test_sum_finalize_returns_none_when_no_values ... ok
test aggregation::metric::sum::tests::test_sum_finalize_returns_value_when_has_values ... ok
test aggregation::metric::sum::tests::test_sum_aggregation_empty_index_none_if_no_match_opt_in ... ok
test aggregation::metric::sum::tests::test_sum_merge_two_empty_still_none ... ok
test aggregation::metric::top_hits::tests::test_aggregation_top_hits_empty_index ... ok
test aggregation::metric::stats::tests::test_stats_json_missing ... ok
test aggregation::metric::tests::test_metric_aggregations ... ok
test aggregation::metric::top_hits::tests::test_comparable_doc_feature ... ok
test aggregation::metric::top_hits::tests::test_comparable_doc_features ... ok
test aggregation::metric::top_hits::tests::test_top_hits_collector_single_feature ... ok
test collector::count_collector::tests::test_count_collect_does_not_requires_scoring ... ok
test collector::count_collector::tests::test_segment_count_collector ... ok
test aggregation::metric::top_hits::tests::test_aggregation_top_hits_multi_segment ... ok
test collector::facet_collector::tests::is_child_facet ... ok
test collector::facet_collector::tests::test_collapse_simple ... ok
test collector::facet_collector::tests::test_compress_mapping ... ok
test collector::facet_collector::tests::test_doc_search_by_facet ... ok
test aggregation::metric::top_hits::tests::test_aggregation_top_hits_single_segment ... ok
test collector::facet_collector::tests::test_doc_unsorted_multifacet ... ok
test collector::facet_collector::tests::test_facet_collector_drilldown ... ok
test collector::facet_collector::tests::test_facet_collector_simple ... ok
test collector::facet_collector::tests::test_facet_collector_topk ... ok
test collector::facet_collector::tests::test_misused_facet_collector - should panic ... ok
test collector::facet_collector::tests::test_non_used_facet_collector ... ok
test collector::histogram_collector::tests::test_add_histograms_empty ... ok
test collector::histogram_collector::tests::test_add_histograms_simple ... ok
test collector::histogram_collector::tests::test_histogram_builder_simple ... ok
test collector::facet_collector::tests::test_facet_collector_topk_tie_break ... ok
test collector::facet_collector::tests::test_facet_collector_wrong_root ... ok
test collector::histogram_collector::tests::test_histogram_dates ... ok
test collector::histogram_collector::tests::test_histogram_i64 ... ok
test collector::histogram_collector::tests::test_histogram_too_high_is_ignored ... ok
test collector::histogram_collector::tests::test_histogram_too_low_is_ignored ... ok
test collector::histogram_collector::tests::test_no_segments ... ok
test collector::sort_key::order::tests::test_mixed_ownedvalue_compare ... ok
test collector::sort_key::order::tests::test_natural_none_is_higher ... ok
test collector::sort_key::shared_threshold::tests::test_atomic_shared_threshold ... ok
test collector::sort_key::shared_threshold::tests::test_f32_ordered_roundtrip ... ok
test collector::sort_key::shared_threshold::tests::test_pack_score_and_ord ... ok
test collector::sort_key::shared_threshold::tests::test_rwlock_shared_threshold_option_u64_asc ... ok
test collector::sort_key::shared_threshold::tests::test_rwlock_shared_threshold_option_u64_desc ... ok
test collector::histogram_collector::tests::test_histogram_merge ... ok
test collector::multi_collector::tests::test_multi_collector ... ok
test collector::sort_key::sort_by_bytes::tests::test_sort_by_bytes_asc ... ok
test collector::sort_key::sort_by_bytes::tests::test_sort_by_bytes_desc ... ok
test collector::sort_key::sort_by_erased_type::tests::test_sort_by_owned_bytes ... ok
test collector::sort_key::sort_by_erased_type::tests::test_sort_by_owned_reverse ... ok
test collector::sort_key::sort_by_erased_type::tests::test_sort_by_owned_score ... ok
test collector::sort_key::sort_by_erased_type::tests::test_sort_by_owned_string ... ok
test collector::sort_key::sort_by_erased_type::tests::test_sort_by_owned_u64 ... ok
test collector::sort_key::sort_key_computer::tests::test_lazy_score_computer ... ok
test collector::sort_key::sort_key_computer::tests::test_lazy_score_computer_dynamic_ordering ... ok
test collector::sort_key::tests::test_order_by_f64 ... ok
test collector::sort_key::tests::test_order_by_score ... ok
test collector::sort_key::tests::test_order_by_score_then_owned_value ... ok
test collector::sort_key::tests::test_order_by_score_then_string ... ok
test collector::sort_key::tests::test_order_by_string ... ok
test collector::sort_key_top_collector::tests::test_merge_top_k ... ok
test collector::tests::test_filter_collector ... ok
test collector::tests::test_option_collector_none ... ok
test aggregation::bucket::range::tests::range_keyed_buckets_test ... ok
test collector::tests::test_option_collector_some ... ok
test aggregation::metric::cardinality::tests::cardinality_aggregation_test_str_bitset ... ok
test collector::top_score_collector::tests::test_custom_score_top_collector_with_offset ... ok
test collector::top_score_collector::tests::test_empty_topn_computer ... ok
test collector::top_score_collector::tests::test_fast_field_ascending_order ... ok
test collector::top_score_collector::tests::test_field_does_not_exist - should panic ... ok
test collector::top_score_collector::tests::test_field_not_fast_field ... ok
test collector::top_score_collector::tests::test_field_wrong_type ... ok
test collector::top_score_collector::tests::test_kth_best_after_natural_truncation ... ok
test collector::top_score_collector::tests::test_kth_best_exact_at_capacity ... ok
test collector::top_score_collector::tests::test_kth_best_none_below_capacity ... ok
test collector::top_score_collector::tests::test_kth_best_tracks_improvement ... ok
test collector::top_score_collector::tests::test_kth_best_with_push_unordered_natural_comparator ... ok
test collector::top_score_collector::tests::test_push_assuming_capacity ... ok
test collector::top_score_collector::tests::test_push_assuming_capacity_panics_when_no_cap - should panic ... ok
test collector::top_score_collector::tests::test_sort_key_top_collector_with_offset ... ok
test collector::top_score_collector::tests::test_top_0 - should panic ... ok
test collector::top_score_collector::tests::test_top_collector_at_capacity ... ok
test collector::top_score_collector::tests::test_top_collector_at_capacity_with_offset ... ok
test collector::top_score_collector::tests::test_top_collector_not_at_capacity_with_offset ... ok
test collector::top_score_collector::tests::test_top_collector_not_at_capacity_without_offset ... ok
test collector::top_score_collector::tests::test_top_collector_stable_sorting ... ok
test collector::top_score_collector::tests::proptest_stable_ordering_across_segments_with_pagination ... ok
test collector::top_score_collector::tests::test_top_field_collector_datetime ... ok
test collector::top_score_collector::tests::test_top_field_collector_f64 ... ok
test collector::top_score_collector::tests::test_top_field_collector_i64 ... ok
test collector::top_score_collector::tests::test_top_field_collector_not_at_capacity ... ok
test collector::top_score_collector::tests::test_top_field_collector_string ... ok
test collector::top_score_collector::tests::test_top_n_computer_at_capacity ... ok
test collector::top_score_collector::tests::test_top_n_computer_not_at_capacity ... ok
test collector::top_score_collector::tests::test_top_segment_collector_stable_ordering_for_equal_feature ... ok
test collector::top_score_collector::tests::test_topn_computer ... ok
test collector::top_score_collector::tests::test_topn_computer_asc ... ok
test collector::top_score_collector::tests::test_topn_computer_asc_prop ... ok
test collector::top_score_collector::tests::test_topn_computer_desc ... ok
test collector::top_score_collector::tests::test_topn_computer_duplicates ... ok
test collector::top_score_collector::tests::test_topn_computer_no_panic ... ok
test collector::top_score_collector::tests::test_topn_computer_option_asc_null_at_the_begining ... ok
test collector::top_score_collector::tests::test_topn_computer_option_asc_null_at_the_end ... ok
test collector::top_score_collector::tests::test_topn_computer_push_unordered ... ok
test collector::top_score_collector::tests::test_topn_computer_push_unordered_tiebreak_on_equal_sort_key ... ok
test compat_tests::create_format ... ok
test compat_tests::test_format_6 ... ignored, test incompatible with fixed-width footer changes
test compat_tests::test_format_7 ... ignored, test incompatible with fixed-width footer changes
test core::executor::tests::test_map_multithread ... ok
test core::executor::tests::test_map_singlethread ... ok
test core::executor::tests::test_panic_propagates_multi_thread - should panic ... ok
test core::executor::tests::test_panic_propagates_single_thread - should panic ... ok
test core::json_utils::tests::test_bool_term ... ok
test core::json_utils::tests::test_f64_term ... ok
test core::json_utils::tests::test_i64_term ... ok
test core::json_utils::tests::test_json_writer ... ok
test core::json_utils::tests::test_split_json_path_escaped_backslash ... ok
test core::json_utils::tests::test_split_json_path_escaped_dot ... ok
test core::json_utils::tests::test_split_json_path_escaped_normal_letter ... ok
test core::json_utils::tests::test_split_json_path_heading_dot ... ok
test core::json_utils::tests::test_split_json_path_simple ... ok
test core::json_utils::tests::test_split_json_path_single_segment ... ok
test core::json_utils::tests::test_split_json_path_trailing_dot ... ok
test collector::top_score_collector::tests::proptest_stable_ordering_across_segments_with_term_query_and_pagination ... ok
test core::json_utils::tests::test_string_term ... ok
test core::json_utils::tests::test_u64_term ... ok
test core::tests::create_should_wipeoff_existing ... ok
test core::tests::garbage_collect_works_as_intended ... ok
test aggregation::metric::percentiles::tests::test_aggregation_percentiles_multi_seg ... ok
test aggregation::agg_tests::test_aggregation_flushing_variants ... ok
test core::tests::open_or_create_exists_but_schema_does_not_match ... ok
test core::tests::open_or_create_should_create ... ok
test core::tests::open_or_create_should_open ... ok
test core::tests::test_index_exists ... ok
test aggregation::bucket::term_agg::tests::terms_aggs_hosts_and_tags_merge_on_mixed_order_request ... ok
test core::tests::test_indexer_for_field ... ok
test core::tests::test_merging_segment_update_docfreq ... ok
test core::tests::test_non_text_json_term_freq ... ok
test core::tests::test_non_text_json_term_freq_bitpacked ... ok
test core::tests::test_positions_merge_bug_non_text_json_bitpacked_block ... ok
test core::tests::test_positions_merge_bug_non_text_json_vint ... ok
test core::tests::test_set_tokenizer_manager ... ok
test core::tests::test_single_segment_index_writer ... ok
test directory::composite_file::test::test_composite_file ... ok
test directory::composite_file::test::test_composite_file_bug ... ok
test directory::footer::tests::test_deserialize_footer ... ok
test directory::footer::tests::test_deserialize_footer_missing_magic_byte ... ok
test directory::footer::tests::test_deserialize_footer_wrong_filesize ... ok
test aggregation::metric::percentiles::tests::test_aggregation_percentiles_single_seg ... ok
test core::tests::mmap_specific::test_index_manual_policy_mmap ... ok
test core::tests::test_index_on_commit_reload_policy ... ok
test directory::mmap_directory::file_watcher::tests::test_file_watcher_drop_handle ... ok
test directory::managed_directory::tests_mmap_specific::test_managed_directory_gc_while_mmapped ... ok
test directory::mmap_directory::tests::test_cache ... ok
test directory::managed_directory::tests_mmap_specific::test_managed_directory ... ok
test directory::mmap_directory::tests::test_open_non_existent_path ... ok
test directory::ram_directory::tests::test_persist ... ok
test directory::ram_directory::tests::test_ram_directory_deep_clone ... ok
test directory::mmap_directory::tests::test_open_empty ... ok
test directory::tests::mmap_directory_tests::test_directory_delete ... ok
test directory::tests::mmap_directory_tests::test_lock_blocking ... ok
test directory::tests::mmap_directory_tests::test_rewrite_forbidden ... ok
test directory::tests::mmap_directory_tests::test_lock_non_blocking ... ok
test directory::tests::mmap_directory_tests::test_simple ... ok
test directory::tests::mmap_directory_tests::test_write_create_the_file ... ok
test collector::sort_key::tests::test_order_by_string_prop ... ok
test directory::tests::ram_directory_tests::test_directory_delete ... ok
test directory::tests::ram_directory_tests::test_lock_non_blocking ... ok
test collector::sort_key::tests::test_order_by_score_then_fast_field_prop ... ok
test directory::tests::mmap_directory_tests::test_watch ... ok
test directory::tests::ram_directory_tests::test_rewrite_forbidden ... ok
test directory::tests::ram_directory_tests::test_simple ... ok
test directory::tests::ram_directory_tests::test_write_create_the_file ... ok
test directory::tests::ram_directory_tests::test_watch ... ok
test directory::watch_event_router::tests::test_watch_event_router_multiple_callback_different_key ... ok
test directory::watch_event_router::tests::test_watch_event_router_multiple_callback_same_key ... ok
test fastfield::alive_bitset::tests::test_alive_bitset ... ok
test directory::watch_event_router::tests::test_watch_event_router_simple ... ok
test directory::mmap_directory::file_watcher::tests::test_file_watcher_drop_watcher ... ok
test fastfield::alive_bitset::tests::test_alive_bitset_empty ... ok
test fastfield::alive_bitset::tests::test_alive_bitset_iter ... ok
test fastfield::alive_bitset::tests::test_alive_bitset_iter_minimal ... ok
test fastfield::alive_bitset::tests::test_alive_bitset_iter_small ... ok
test fastfield::facet_reader::tests::test_facet_not_populated_for_all_docs ... ok
test fastfield::facet_reader::tests::test_facet_not_populated_for_any_docs ... ok
test fastfield::facet_reader::tests::test_facet_only_indexed ... ok
test fastfield::facet_reader::tests::test_facet_several_facets_sorted ... ok
test fastfield::facet_reader::tests::test_facet_stored_and_indexed ... ok
test fastfield::tests::test_date_fastfield_default ... ok
test fastfield::tests::test_convert_i64_u64 ... ok
test fastfield::readers::tests::test_fast_field_reader_dynamic_column_handles ... ok
test fastfield::readers::tests::test_fast_field_reader_resolve_with_dynamic_internal ... ok
test collector::top_score_collector::tests::test_top_field_collect_string_prop ... ok
test fastfield::tests::test_datefastfield ... ok
test fastfield::tests::test_fast_field_dot_in_schema_field_name ... ok
test fastfield::tests::test_facet_fastfield_simple ... ok
test fastfield::tests::test_fast_field_in_json_field_expand_dots_disabled ... ok
test fastfield::tests::test_fast_field_in_json_field_expand_dots_enabled ... ok
test fastfield::tests::test_fastfield_bool_default_value ... ok
test fastfield::tests::test_fastfield_bool_large ... ok
test fastfield::tests::test_fast_field_tokenizer ... ok
test fastfield::tests::test_fast_field_in_json_field_with_tokenizer ... ok
test fastfield::tests::test_fastfield_bool_small ... ok
test core::tests::mmap_specific::test_index_on_commit_reload_policy_different_directories ... ok
test fastfield::tests::test_intfastfield_large ... ok
test fastfield::tests::test_gcd_date ... ok
test fastfield::tests::test_intfastfield_small ... ok
test fastfield::tests::test_gcd_bug_regression_1757 ... ok
test fastfield::tests::test_intfastfield_large_numbers ... ok
test fastfield::tests::test_intfastfield_null_amplitude ... ok
test fastfield::tests::test_ip_addr_columnar_simple ... ok
test fastfield::tests::test_json_object_fast_field ... ok
test fastfield::tests::test_mapping_bug_docids_for_value_range ... ok
test fastfield::tests::test_signed_intfastfield_default_val ... ok
test core::tests::mmap_specific::test_index_on_commit_reload_policy_mmap ... ok
test fastfield::tests::test_shadowing_fast_field ... ok
test fastfield::tests::test_shadowing_fast_field_with_expand_dots ... ok
test fastfield::tests::test_signed_intfastfield_normal ... ok
test fastfield::tests::test_intfastfield_permutation_gcd ... ok
test fastfield::writer::tests::test_json_fast_field_do_not_expand_dots ... ok
test fastfield::writer::tests::test_json_fast_field_expand_dots ... ok
test fastfield::writer::tests::test_json_fastfield_deep_arr ... ok
test fastfield::tests::test_intfastfield_permutation ... ok
test fastfield::writer::tests::test_json_fastfield_deep_obj ... ok
test fastfield::writer::tests::test_json_fastfield_record_simple ... ok
test fastfield::tests::test_text_fast_field_tokenizer ... ok
test fastfield::tests::test_string_fastfield_simple ... ok
test fastfield::tests::test_text_fastfield ... ok
test fastfield::tests::test_string_fastfield ... ok
test fastfield::writer::tests::test_raw_fast_fields_bypass_tokenizer ... ok
test fieldnorm::code::tests::test_decode_code ... ok
test fieldnorm::code::tests::test_fieldnorm_byte ... ok
test fieldnorm::code::tests::test_u32_max ... ok
test fieldnorm::reader::tests::test_const_fieldnorm_reader_large_fieldnorm_id ... ok
test fieldnorm::reader::tests::test_const_fieldnorm_reader_small_fieldnorm_id ... ok
test fieldnorm::reader::tests::test_from_fieldnorms_array ... ok
test fieldnorm::tests::test_fieldnorm ... ok
test fieldnorm::tests::test_fieldnorm_disabled ... ok
test fieldnorm::tests::test_fieldnorm_enabled ... ok
test functional_test::test_functional_indexing_sorted ... ignored
test functional_test::test_functional_indexing_unsorted ... ignored
test functional_test::test_functional_store ... ignored
test future_result::tests::test_scheduled_result_error ... ok
test future_result::tests::test_scheduled_result_failed_to_schedule ... ok
test future_result::tests::test_scheduled_result_sent_error ... ok
test future_result::tests::test_scheduled_result_sent_success ... ok
test fieldnorm::tests::test_should_panic_when_recording_fieldnorm_twice_for_same_doc - should panic ... ok
test index::index_meta::tests::test_codec_types_settings ... ok
test index::index_meta::tests::test_index_settings_default ... ok
test index::index_meta::tests::test_serialize_metas ... ok
test index::index_meta::tests::test_serialize_metas_unsupported_comp ... ok
test index::inverted_index_plugin::tests::test_hashmap_size ... ok
test index::segment_id::tests::test_to_uuid_string ... ok
test index::segment_reader::test::test_alive_docs_iterator ... ok
test index::segment_reader::test::test_merge_field_meta_data_bitxor ... ok
test index::segment_reader::test::test_merge_field_meta_data_different ... ok
test index::segment_reader::test::test_merge_field_meta_data_merge ... ok
test index::segment_reader::test::test_merge_field_meta_data_same_field ... ok
test indexer::doc_id_mapping::tests_indexsorting::test_doc_mapping ... ok
test indexer::doc_id_mapping::tests_indexsorting::test_doc_mapping_new_permutation_rejects_out_of_range ... ok
test indexer::doc_id_mapping::tests_indexsorting::test_doc_mapping_new_permutation_rejects_duplicates ... ok
test indexer::doc_id_mapping::tests_indexsorting::test_doc_mapping_remap ... ok
test indexer::delete_queue::tests::test_deletequeue ... ok
test indexer::doc_id_mapping::tests_indexsorting::test_index_builder_rejects_manual_doc_id_mapping_with_sort_by_field ... ok
test indexer::doc_id_mapping::tests_indexsorting::test_single_segment_index_writer_finalize_rejects_manual_doc_id_mapping ... ok
test index::segment_reader::test::test_num_alive ... ok
test indexer::doc_id_mapping::tests_indexsorting::test_single_segment_index_writer_with_sort_by_field_untracks_tempstore ... ok
test indexer::doc_id_mapping::tests_indexsorting::test_sort_index_fast_field ... ok
test indexer::doc_id_mapping::tests_indexsorting::test_single_segment_index_writer_with_doc_id_mapping ... ok
test indexer::doc_id_mapping::tests_indexsorting::test_sort_index_get_documents ... ok
test indexer::doc_opstamp_mapping::tests::test_doc_to_opstamp_mapping_none ... ok
test indexer::doc_opstamp_mapping::tests::test_doc_to_opstamp_mapping_with_map ... ok
test indexer::flat_map_with_buffer::tests::test_flat_map_filling_no_elements_does_not_stop_iterator ... ok
test indexer::flat_map_with_buffer::tests::test_flat_map_with_buffer_empty ... ok
test indexer::flat_map_with_buffer::tests::test_flat_map_with_buffer_simple ... ok
test indexer::doc_id_mapping::tests_indexsorting::test_text_sort ... ok
test indexer::doc_id_mapping::tests_indexsorting::test_with_sort_by_date_field ... ok
test indexer::index_writer::tests::test_add_then_delete_all_documents ... ok
test indexer::index_writer::tests::test_bug_1617 ... ok
test indexer::doc_id_mapping::tests_indexsorting::test_sort_index_test_string_field ... ok
test indexer::index_writer::tests::test_bug_2442_reserved_character_columnar ... ok
test indexer::index_writer::tests::test_bug_2442_reserved_character_fast_field ... ok
test indexer::index_writer::tests::test_bug_1618 ... ok
test indexer::index_writer::tests::test_bug_1617_3 ... ok
test indexer::doc_id_mapping::tests_indexsorting::test_sort_index_test_text_field ... ok
test indexer::index_writer::tests::test_bug_1617_2 ... ok
test indexer::index_writer::tests::test_delete_all_documents_empty_index ... ok
test indexer::index_writer::tests::test_commit_and_rollback ... ok
test indexer::index_writer::tests::test_delete_all_documents_index_twice ... ok
test indexer::index_writer::tests::test_delete_all_documents_and_rollback ... ok
test indexer::index_writer::tests::test_delete_all_documents_then_add ... ok
test indexer::index_writer::tests::test_delete_bug_reproduction_ip_addr ... ignored, doesn't work with deferred segment loading
test indexer::index_writer::tests::test_delete_proptest ... ignored, doesn't work with deferred segment loading
test indexer::index_writer::tests::test_delete_proptest_adding ... ignored, doesn't work with deferred segment loading
test indexer::index_writer::tests::test_delete_proptest_with_merge ... ignored, doesn't work with deferred segment loading
test indexer::index_writer::tests::test_delete_proptest_with_merge_adding ... ignored, doesn't work with deferred segment loading
test indexer::index_writer::tests::test_delete_with_sort_proptest_with_merge ... ignored, doesn't work with deferred segment loading
test indexer::index_writer::tests::test_delete_without_sort_proptest ... ignored, doesn't work with deferred segment loading
test indexer::index_writer::tests::test_empty_operations_group ... ok
test indexer::index_writer::tests::test_delete_query_with_sort_by_field ... ok
test indexer::index_writer::tests::test_delete_with_sort_by_field_last_opstamp_is_not_max ... ok
test indexer::index_writer::tests::test_delete_with_sort_by_field ... ok
test indexer::index_writer::tests::test_delete_and_merge_removes_terms_fast_field_dict ... ok
test indexer::index_writer::tests::test_ff_num_ips_regression ... ignored, doesn't work with deferred segment loading
test indexer::index_writer::tests::test_lockfile_already_exists_error_msg ... ok
test indexer::index_writer::tests::test_lockfile_released_on_drop ... ok
test indexer::index_writer::tests::test_lockfile_stops_duplicates ... ok
test indexer::index_writer::tests::test_index_doc_missing_field ... ok
test indexer::index_writer::tests::test_merge_on_empty_segments ... ok
test indexer::index_writer::tests::test_merge_on_empty_segments_single_segment ... ok
test indexer::index_writer::tests::test_ip_range_query_multivalue_bug ... ok
test indexer::index_writer::tests::test_minimal_sort ... ok
test indexer::index_writer::tests::test_minimal_sort_force_end_merge_with_delete ... ok
test directory::tests::ram_directory_tests::test_lock_blocking ... ok
test fastfield::tests::test_merge_missing_date_fast_field ... ok
test indexer::index_writer::tests::test_operations_group ... ok
test indexer::index_writer::tests::test_ordered_batched_operations ... ok
test indexer::index_writer::tests::test_delete_all_documents_rollback_correct_stamp ... ok
test indexer::index_writer::tests::test_prepare_with_commit_message ... ok
test indexer::index_writer::tests::test_minimal_no_sort_no_force_end_merge ... ok
test indexer::index_writer::tests::test_range_query_bug_2 ... ok
test indexer::index_writer::tests::test_minimal_sort_force_end_merge ... ok
test indexer::index_writer::tests::test_set_merge_policy ... ok
test indexer::index_writer::tests::test_writer_options_validation ... ok
test indexer::index_writer::tests::test_with_merges ... ok
test indexer::index_writer_status::tests::test_bomb_defused ... ok
test indexer::index_writer_status::tests::test_bomb_goes_boom ... ok
test indexer::indexing_term::tests::indexing_term_wrap_extracts_field ... ok
test indexer::indexing_term::tests::test_term_bool ... ok
test indexer::indexing_term::tests::test_term_str ... ok
test indexer::indexing_term::tests::test_term_u64 ... ok
test indexer::log_merge_policy::tests::test_large_merge_segments ... ok
test indexer::log_merge_policy::tests::test_log_merge_policy_all_segments_too_large_to_merge ... ok
test indexer::log_merge_policy::tests::test_log_merge_policy_empty ... ok
test indexer::log_merge_policy::tests::test_log_merge_policy_levels ... ok
test indexer::log_merge_policy::tests::test_log_merge_policy_pair ... ok
test indexer::log_merge_policy::tests::test_log_merge_policy_small_segments ... ok
test indexer::index_writer::tests::test_minimal_sort_merge ... ok
test indexer::log_merge_policy::tests::test_log_merge_policy_within_levels ... ok
test indexer::log_merge_policy::tests::test_max_docs_before_merge_large_value ... ok
test indexer::log_merge_policy::tests::test_merge_segments_with_deletes_above_threshold_all_in_level ... ok
test indexer::log_merge_policy::tests::test_merge_segments_with_deletes_above_threshold_different_level_not_involved ... ok
test indexer::log_merge_policy::tests::test_merge_single_segment_with_deletes_above_threshold ... ok
test indexer::log_merge_policy::tests::test_merge_single_segment_with_deletes_below_threshold ... ok
test indexer::index_writer::tests::test_no_need_to_rewrite_delete_file_if_no_new_deletes ... ok
test indexer::merger::tests::test_bug_merge ... ok
test indexer::merger::tests::test_index_merger_no_deletes ... ok
test indexer::index_writer::tests::test_fast_field_range ... ok
test indexer::merger::tests::test_max_doc ... ok
test indexer::index_writer::tests::test_range_query_bug_1 ... ok
test indexer::index_writer::tests::test_merge_regression_1 ... ok
test indexer::merger::tests::test_merge_facets_sort_asc ... ok
test indexer::merger::tests::test_foreground_merge ... ok
test indexer::merger::tests::test_merge_facets_sort_none ... ok
test indexer::merger::tests::test_merge_multivalued_int_fields_simple ... ok
test indexer::merger::tests::test_merge_respects_codec_types_setting ... ok
test indexer::merger::tests::test_merge_multivalued_int_fields_all_deleted ... ok
test indexer::merger_sorted_index_test::tests::test_merge_sorted_index_bytes_asc ... ok
test indexer::merger_sorted_index_test::tests::test_merge_sorted_index_bytes_desc ... ok
test indexer::merger::tests::test_index_merger_with_deletes ... ok
test indexer::merger_sorted_index_test::tests::test_merge_sorted_index_bytes_missing_values ... ok
test indexer::merger_sorted_index_test::tests::test_merge_sorted_index_bytes_with_deletes ... ok
test indexer::merger_sorted_index_test::tests::test_merge_sorted_index_desc_disjunct ... ok
test indexer::merger_sorted_index_test::tests::test_merge_sorted_index_desc_not_disjunct ... ok
test indexer::merger_sorted_index_test::tests::test_merge_sorted_index_str_asc ... ok
test indexer::merger_sorted_index_test::tests::test_merge_sorted_index_str_desc ... ok
test indexer::merger::tests::test_merge_facets_sort_desc ... ok
test indexer::merger_sorted_index_test::tests::test_merge_sorted_index_str_missing_values ... ok
test indexer::merger::tests::test_merged_index_has_blockwand ... ok
test indexer::merger_sorted_index_test::tests::test_merge_sorted_index_str_with_deletes ... ok
test indexer::merger_sorted_index_test::tests::test_merge_sorted_index_u64_asc_nulls_only_in_first_segment ... ok
test indexer::merger_sorted_index_test::tests::test_merge_sorted_index_u64_asc_null_before_zero ... ok
test indexer::merger_sorted_index_test::tests::test_merge_sorted_index_u64_desc_nulls_only_in_last_segment ... ok
test indexer::merger_sorted_index_test::tests::test_merge_sorted_index_u64_desc_null_after_zero ... ok
test indexer::merger_sorted_index_test::tests::test_merge_sorted_postinglist_sort_issue ... ok
test indexer::merger_sorted_index_test::tests::test_merge_unsorted_index ... ok
test indexer::merger_sorted_index_test::tests::test_single_segment_str_sorted ... ok
test indexer::path_to_unordered_id::tests::path_to_unordered_test ... ok
test indexer::segment_register::tests::test_segment_register ... ok
test indexer::segment_updater::tests::delete_all_docs ... ok
test indexer::segment_updater::tests::delete_all_docs_min ... ok
test indexer::segment_updater::tests::test_apply_doc_id_filter_in_merger ... ok
test indexer::index_writer::tests::test_prepare_but_rollback ... ok
test indexer::segment_updater::tests::test_merge_empty_indices_array ... ok
test indexer::segment_updater::tests::test_merge_filtered_segments ... ok
test indexer::segment_updater::tests::test_merge_mismatched_schema ... ok
test indexer::segment_updater::tests::test_merge_segments ... ok
test indexer::segment_updater::tests::test_merge_single_filtered_segments ... ok
test indexer::segment_updater::tests::test_remove_all_segments ... ok
test indexer::segment_updater::tests::test_segment_sort_large_max_doc ... ok
test indexer::segment_writer::tests::test_bug_regression_1629_position_when_array_with_a_field_value_that_does_not_contain_any_token ... ok
test indexer::segment_writer::tests::test_finalize_with_doc_id_mapping_rejects_sort_by_field ... ok
test indexer::segment_writer::tests::test_finalize_with_doc_id_mapping_rejects_wrong_length ... ok
test indexer::segment_writer::tests::test_finalize_with_doc_id_mapping_remaps_missing_fieldnorms ... ok
test indexer::segment_writer::tests::test_flat_json_indexing ... ok
test indexer::segment_writer::tests::test_json_fast ... ok
test indexer::segment_writer::tests::test_json_indexing ... ok
test indexer::segment_writer::tests::test_json_raw_no_position ... ok
test indexer::segment_writer::tests::test_json_term_with_numeric_merge_panic_regression_bug_2283 ... ok
test indexer::segment_writer::tests::test_json_tokenized_with_position ... ok
test indexer::log_merge_policy::tests::create_index_test_max_merge_issue_1035 ... ok
test indexer::segment_writer::tests::test_multiple_field_value_and_long_tokens ... ok
test indexer::segment_writer::tests::test_last_token_not_ending_last ... ok
test indexer::segment_writer::tests::test_prepare_for_store ... ok
test indexer::segment_writer::tests::test_position_overlapping_path ... ok
test indexer::merger::tests::test_merge_columnar_int_proptest ... ok
test indexer::stamper::test::test_stamper ... ok
test indexer::stamper::test::test_stamper_revert ... ok
test indexer::segment_writer::tests::test_show_error_when_tokenizer_not_registered ... ok
test indexer::segment_writer::tests::test_simple_json_indexing ... ok
test indexer::tests_mmap::test_json_field_dot ... ok
test indexer::tests_mmap::test_json_field_1byte ... ok
test indexer::tests_mmap::test_json_field_expand_dots_disabled_dot_escaped_required ... ok
test indexer::tests_mmap::test_json_field_expand_dots_enabled_dot_escape_not_required ... ok
test indexer::tests_mmap::test_json_field_list_fields ... ok
test indexer::tests_mmap::test_json_field_null_byte_is_ignored ... ok
test indexer::tests_mmap::test_json_field_number ... ok
test indexer::tests_mmap::test_json_field_shadowing_field_name_bug ... ok
test indexer::tests_mmap::test_json_fields_metadata_expanded_dots_multi_segment ... ok
test indexer::tests_mmap::test_json_fields_metadata_expanded_dots_one_segment ... ok
test indexer::tests_mmap::test_json_fields_metadata_no_expanded_dots_multi_segment ... ok
test macros::test::test_doc_basic ... ok
test indexer::segment_updater::tests::test_delete_during_merge ... ok
test indexer::tests_mmap::test_json_fields_metadata_no_expanded_dots_one_segment ... ok
test macros::test::test_doc_trailing_comma ... ok
test plugin::tests::test_conflicting_plugins_fail_closed ... ok
test plugin::tests::test_add_plugin_to_non_empty_index_fails_closed ... ok
test plugin::tests::test_custom_field_schema_roundtrip ... ok
test plugin::tests::test_custom_plugin_indexes_custom_document ... ok
test plugin::tests::test_merge_indices_mismatched_plugins_fails_closed ... ok
test plugin::tests::test_parse_json_rejects_custom_field ... ok
test plugin::tests::test_plugin_extensions ... ok
test plugin::tests::test_plugin_full_lifecycle ... ok
test plugin::tests::test_reserved_extension_plugins_fail_closed ... ok
test positions::tests::test_empty_position ... ok
test positions::tests::test_multiple_write_positions ... ok
test plugin::tests::test_reopen_without_plugin_fails_closed ... ok
test positions::tests::test_position ... ok
test positions::tests::test_position_advance ... ok
test positions::tests::test_position_read ... ok
test positions::tests::test_position_read_after_skip ... ok
test positions::tests::test_position_read_with_offset ... ok
test positions::tests::test_position_requesting_passed_block ... ok
test postings::block_search::tests::test_kary_search_allowed_branching_factors ... ok
test positions::tests::test_position_reread_anchor_different_than_block ... ok
test positions::tests::test_position_delta ... ok
test postings::block_search::tests::test_search_in_branchless_binary_search ... ok
test postings::block_search::tests::test_search_in_branchless_binary_search_corner_cases ... ok
test postings::block_search::tests::test_proptest_branchless_binary_search ... ok
test postings::block_segment_postings::tests::test_block_segment_postings_rank ... ok
test postings::block_segment_postings::tests::test_empty_block_segment_postings ... ok
test postings::block_segment_postings::tests::test_empty_postings_doc_returns_terminated ... ok
test postings::block_segment_postings::tests::test_empty_postings_doc_term_freq_returns_0 ... ok
test postings::block_segment_postings::tests::test_empty_segment_postings ... ok
test postings::block_segment_postings::tests::test_block_segment_postings_seek ... ok
test postings::block_segment_postings::tests::test_serialized_minimum_norm_is_not_block_max_norm ... ok
test postings::block_segment_postings::tests::test_reset_block_segment_postings ... ok
test postings::block_segment_postings::tests::test_tf_class_bound_disabled_when_frequencies_are_skipped ... ok
test postings::compression::tests::test_block_decoder_initialization ... ok
test postings::block_segment_postings::tests::test_skip_right_at_new_block ... ok
test postings::compression::tests::test_compress_vint_unsorted_does_not_overflow ... ok
test postings::compression::tests::test_encode_sorted_block ... ok
test postings::compression::tests::test_encode_sorted_block_with_junk ... ok
test postings::compression::tests::test_encode_sorted_block_with_offset ... ok
test postings::compression::tests::test_encode_unsorted_block_with_junk ... ok
test postings::compression::tests::test_encode_vint ... ok
test postings::loaded_postings::tests::test_vec_postings ... ok
test postings::loaded_postings::tests::test_vec_postings2 ... ok
test postings::recorder::tests::term_frequency_recorder_has_term_freq ... ok
test postings::recorder::tests::term_frequency_recorder_high_frequency_doc ... ok
test postings::recorder::tests::term_frequency_recorder_single_occurrence_per_doc ... ok
test postings::recorder::tests::term_frequency_recorder_term_doc_freq_multiple_docs ... ok
test postings::block_segment_postings::tests::test_block_segment_postings ... ok
test postings::recorder::tests::term_frequency_recorder_term_doc_freq_single_doc ... ok
test postings::recorder::tests::test_buffer_lender ... ok
test postings::recorder::tests::term_frequency_recorder_zero_docs ... ok
test postings::recorder::tests::test_vint_u32 ... ok
test postings::segment_postings::tests::test_doc_freq ... ok
test postings::segment_postings::tests::test_empty_postings_doc_returns_terminated ... ok
test postings::segment_postings::tests::test_empty_postings_doc_term_freq_returns_0 ... ok
test postings::segment_postings::tests::test_empty_segment_postings ... ok
test postings::skip::tests::test_decode_block_wand_max_tf ... ok
test postings::skip::tests::test_encode_block_wand_max_tf ... ok
test postings::skip::tests::test_encode_decode_bitwidth ... ok
test postings::skip::tests::test_minimum_norm_metadata_and_legacy_entries ... ok
test postings::skip::tests::test_skip_multiple_of_block_size ... ok
test postings::skip::tests::test_skip_no_freq ... ok
test postings::skip::tests::test_skip_with_freq ... ok
test postings::subblock::tests::framing_legacy_and_truncation ... ok
test postings::term_norms::tests::lazy_reads_and_retained_bytes ... ok
test postings::term_norms::tests::malformed_header_and_stream ... ok
test postings::subblock::tests::conservative_across_scoring_parameters ... ok
test postings::term_info::tests::test_fixed_size ... ok
test postings::tests::test_drop_token_that_are_too_long ... ok
test postings::term_norms::tests::scores_seeks_deletes_and_merges ... ok
test postings::tests::test_position_and_fieldnorm2 ... ok
test postings::tests::test_position_write ... ok
test postings::tests::test_index_max_length_token ... ok
test postings::tests::test_skip_positions ... ok
test query::all_query::tests::test_all_query ... ok
test postings::tests::test_position_and_fieldnorm1 ... ok
test query::all_query::tests::test_fill_buffer ... ok
test query::automaton_weight::tests::test_automaton_weight ... ok
test query::all_query::tests::test_all_query_with_boost ... ok
test query::automaton_weight::tests::test_automaton_weight_boost ... ok
test query::bitset::tests::test_bitset_large ... ok
test query::bitset::tests::test_docbitset_seek_same_bucket ... ok
test query::bitset::tests::test_docbitset_seek_to_current ... ok
test query::bitset::tests::test_docbitset_sequential ... ok
test postings::tests::test_skip_next ... ok
test query::bitset::tests::test_docbitset_skip ... ok
test query::bitset::tests::test_empty ... ok
test query::bitset::tests::test_seek_terminated ... ok
test query::bm25::tests::test_bm25_params_rejects_b_out_of_range - should panic ... ok
test query::bm25::tests::test_bm25_params_rejects_negative_k1 - should panic ... ok
test query::bm25::tests::test_custom_bm25_params_produce_different_scores ... ok
test query::bm25::tests::test_idf ... ok
test query::bm25::tests::test_term_freq_upper_bound ... ok
test query::bm25::tests::test_tf_cutoff_matches_float_score_comparison ... ok
test query::boolean_query::block_wand_intersection::tests::test_block_wand_intersection_all_overlap ... ok
test query::boolean_query::block_wand_intersection::tests::test_block_wand_intersection_disjoint ... ok
test query::boolean_query::block_wand_intersection::tests::test_block_wand_intersection_three_scorers_regression ... ok
test indexer::tests_mmap::test_advance_delete_bug ... ok
test query::boolean_query::block_wand_union::tests::test_block_wand_three_term_scorers ... ignored
test query::boolean_query::block_wand_union::tests::test_block_wand_single_term_scorer ... ok
test query::boolean_query::block_wand_union::tests::test_fn_reproduce_proptest ... ok
test query::boolean_query::block_wand_union::tests::test_single_term_prunes_before_reading_fieldnorm ... ok
test query::boolean_query::boolean_query::tests::test_intersection ... ok
test query::boolean_query::boolean_query::tests::test_json_array_pitfall_bag_of_terms ... ok
test query::boolean_query::boolean_query::tests::test_minimum_required ... ok
test query::boolean_query::boolean_query::tests::test_union ... ok
test query::boolean_query::min_norm_benchmark::pruning_granularity::replay_hn_pruning_granularity ... ignored
test query::boolean_query::min_norm_benchmark::replay_hn_minimum_norm_formats ... ignored
test query::boolean_query::min_norm_benchmark::subblock_pruning::replay_hn_subblock_pruning ... ignored
test query::boolean_query::min_norm_benchmark::threshold_oracle::replay_hn_threshold_oracle ... ignored
test query::boolean_query::proptest_boolean_query::proptest_boolean_query ... ok
test query::boolean_query::tests::test_boolean_non_all_term_disjunction ... ok
test query::boolean_query::tests::test_boolean_query ... ok
test query::boolean_query::tests::test_boolean_query_two_excluded ... ok
test query::boolean_query::tests::test_boolean_query_with_weight ... ok
test query::boolean_query::tests::test_boolean_reqopt ... ok
test query::boolean_query::tests::test_boolean_single_must_clause ... ok
test query::boolean_query::tests::test_boolean_termonly_intersection ... ok
test query::boolean_query::tests::test_boolean_weight_optimization ... ok
test query::boolean_query::tests::test_explain ... ok
test query::boolean_query::tests::test_intersection_score ... ok
test query::boolean_query::tests::test_min_should_match_with_all_query ... ok
test query::boolean_query::tests::test_multiple_all_scorers ... ok
test query::boolean_query::block_wand_union::tests::test_block_wand_two_term_scorers ... ok
test query::boolean_query::tests::test_range_query_all_match_in_boolean ... ok
test query::boolean_query::tests::test_must_all_with_should_regression ... ok
test query::boost_query::tests::test_boost_query_explain ... ok
test query::boolean_query::tests::test_should_with_all_scorer_regression ... ok
test query::disjunction::tests::test_conjunction ... ok
test query::const_score_query::tests::test_const_score_query_explain ... ok
test query::disjunction::tests::test_corner_case ... ok
test query::disjunction::tests::test_score_calculate ... ok
test query::disjunction::tests::test_score_calculate_corner_case ... ok
test query::disjunction_max_query::tests::test_dismax_is_not_summed_by_block_wand ... ok
test query::disjunction_max_query::tests::test_term_intersection_pruning_matches_unpruned_scorer ... ok
test query::empty_query::tests::test_empty_scorer ... ok
test query::exclude::tests::test_exclude ... ok
test query::exclude::tests::test_exclude_skip ... ok
test query::exclude::tests::test_exclude_skip_random ... ok
test query::exist_query::tests::test_exists_query_json ... ok
test query::exist_query::tests::test_exists_query_json_union_no_single_full_subpath ... ok
test query::exist_query::tests::test_exists_query_misc_supported_types ... ok
test query::exist_query::tests::test_exists_query_unsupported_types ... ok
test query::exist_query::tests::test_exists_query_simple ... ok
test query::fuzzy_query::test::test_fuzzy_term ... ok
test query::fuzzy_query::test::test_fuzzy_json_path ... ok
test query::fuzzy_query::test::test_fuzzy_term_transposition_cost_one ... ok
test query::intersection::tests::prop_test_intersection_consistency ... ok
test query::intersection::tests::test_bug_2811_intersection_candidate_should_increase ... ok
test query::intersection::tests::prop_test_count_including_deleted_matches_default ... ok
test query::intersection::tests::test_count_including_deleted_dense_path ... ok
test query::intersection::tests::test_count_including_deleted_empty ... ok
test query::intersection::tests::test_count_including_deleted_multi_block ... ok
test query::intersection::tests::test_count_including_deleted_two_way ... ok
test query::intersection::tests::test_intersection ... ok
test query::intersection::tests::test_intersection_abc ... ok
test query::intersection::tests::test_intersection_empty ... ok
test query::intersection::tests::test_intersection_skip ... ok
test query::intersection::tests::test_intersection_skip_against_unoptimized ... ok
test query::intersection::tests::test_intersection_termination ... ok
test query::intersection::tests::test_intersection_zero ... ok
test query::more_like_this::query::tests::test_more_like_this_query ... ok
test query::more_like_this::query::tests::test_more_like_this_query_builder ... ok
test query::phrase_prefix_query::phrase_prefix_weight::tests::test_phrase_count_long ... ok
test query::phrase_prefix_query::phrase_prefix_weight::tests::test_phrase_count_mid ... ok
test query::phrase_prefix_query::phrase_prefix_weight::tests::test_phrase_no_match ... ok
test query::phrase_prefix_query::phrase_prefix_weight::tests::test_phrase_count_short ... ok
test query::phrase_prefix_query::tests::test_prefix_end ... ok
test query::phrase_query::phrase_scorer::tests::test_intersection ... ok
test query::phrase_query::phrase_scorer::tests::test_carry_slop_intersection ... ok
test query::phrase_query::phrase_scorer::tests::test_merge_slop ... ok
test query::phrase_query::phrase_scorer::tests::test_slop ... ok
test query::phrase_query::phrase_weight::tests::test_phrase_count ... ok
test query::phrase_query::regex_phrase_weight::tests::test_phrase_count ... ok
test query::phrase_query::regex_phrase_weight::tests::test_phrase_regex ... ok
test query::phrase_query::regex_phrase_weight::tests::test_phrase_regex_double_wildcard ... ok
test query::phrase_query::regex_phrase_weight::tests::test_phrase_regex_with_slop ... ok
test indexer::merger_sorted_index_test::tests::test_merge_sorted_index_bytes_matches_sorted_input ... ok
test query::phrase_query::regex_phrase_weight::tests::test_phrase_wildcard ... ok
test query::phrase_query::tests::test_phrase_query_docfreq_order ... ok
test query::phrase_query::tests::test_phrase_query ... ok
test query::phrase_query::tests::test_phrase_query_no_positions ... ok
test query::phrase_query::tests::test_phrase_query_no_score ... ok
test query::phrase_query::tests::test_phrase_query_non_trivial_offsets ... ok
test query::phrase_query::tests::test_phrase_query_on_json ... ok
test query::phrase_query::tests::test_phrase_score ... ok
test query::phrase_query::tests::test_phrase_query_simple ... ok
test query::phrase_query::tests::test_phrase_score_with_slop ... ignored
test query::phrase_query::tests::test_phrase_score_with_slop_bug ... ok
test query::phrase_query::tests::test_phrase_score_with_slop_bug_2 ... ok
test query::phrase_query::tests::test_phrase_score_with_slop_ordering ... ok
test query::phrase_query::tests::test_phrase_score_with_slop_repeating ... ok
test query::phrase_query::tests::test_phrase_score_with_slop_size ... ok
test query::phrase_query::tests::test_phrase_slop ... ok
test query::query_parser::query_parser::test::test_deduplication ... ok
test query::query_parser::query_parser::test::test_and_default_regardless_of_default_conjunctive ... ok
test query::query_parser::query_parser::test::test_escaped_field ... ok
test query::query_parser::query_parser::test::test_exists ... ok
test query::query_parser::query_parser::test::test_json_default ... ok
test query::query_parser::query_parser::test::test_json_default_with_different_field ... ok
test query::query_parser::query_parser::test::test_json_default_with_same_field ... ok
test query::query_parser::query_parser::test::test_json_field ... ok
test query::query_parser::query_parser::test::test_json_field_not_indexed ... ok
test query::query_parser::query_parser::test::test_exists_query_with_documents ... ok
test query::query_parser::query_parser::test::test_json_field_possibly_a_bool ... ok
test query::query_parser::query_parser::test::test_json_field_possibly_a_date ... ok
test query::query_parser::query_parser::test::test_json_field_possibly_a_number ... ok
test query::query_parser::query_parser::test::test_json_field_query_with_escaped_dot ... ok
test query::query_parser::query_parser::test::test_or_default_conjunctive ... ok
test query::query_parser::query_parser::test::test_parse_bool ... ok
test query::query_parser::query_parser::test::test_parse_bytes ... ok
test query::query_parser::query_parser::test::test_parse_bytes_invalid_base64 ... ok
test query::query_parser::query_parser::test::test_parse_bytes_not_indexed ... ok
test query::query_parser::query_parser::test::test_parse_bytes_phrase ... ok
test query::query_parser::query_parser::test::test_parse_nonindexed_field_yields_error ... ok
test query::query_parser::query_parser::test::test_parse_query_all_query ... ok
test query::query_parser::query_parser::test::test_parse_query_facet ... ok
test query::query_parser::query_parser::test::test_parse_query_empty ... ok
test query::query_parser::query_parser::test::test_parse_query_ints ... ok
test query::query_parser::query_parser::test::test_parse_query_negative ... ok
test query::query_parser::query_parser::test::test_parse_query_range_require_a_target_field ... ok
test query::query_parser::query_parser::test::test_parse_query_range_with_boost ... ok
test query::query_parser::query_parser::test::test_parse_query_single_negative_term_through_error ... ok
test query::query_parser::query_parser::test::test_parse_query_to_ast_ab_c ... ok
test query::query_parser::query_parser::test::test_parse_query_to_ast_conjunction ... ok
test query::query_parser::query_parser::test::test_parse_query_to_ast_ranges ... ok
test query::query_parser::query_parser::test::test_parse_query_to_ast_single_term ... ok
test query::query_parser::query_parser::test::test_parse_query_to_ast_two_terms ... ok
test query::query_parser::query_parser::test::test_parse_query_untokenized ... ok
test query::query_parser::query_parser::test::test_parse_query_with_boost ... ok
test indexer::merger_sorted_index_test::tests::test_merge_sorted_index_str_matches_sorted_input ... ok
test query::query_parser::query_parser::test::test_parse_query_with_default_boost_and_custom_boost ... ok
test query::query_parser::query_parser::test::test_phrase_prefix_too_short ... ok
test query::query_parser::query_parser::test::test_phrase_prefix ... ok
test query::query_parser::query_parser::test::test_query_parser_expected_bool ... ok
test query::query_parser::query_parser::test::test_phrase_slop ... ok
test query::query_parser::query_parser::test::test_query_parser_expected_date ... ok
test query::query_parser::query_parser::test::test_query_parser_expected_facet ... ok
test query::query_parser::query_parser::test::test_query_parser_expected_int ... ok
test query::query_parser::query_parser::test::test_query_parser_field_does_not_exist ... ok
test query::query_parser::query_parser::test::test_query_parser_hyphen ... ok
test query::query_parser::query_parser::test::test_query_parser_field_not_indexed ... ok
test query::query_parser::query_parser::test::test_query_parser_no_positions ... ok
test query::query_parser::query_parser::test::test_query_parser_not_empty_but_no_tokens ... ok
test query::query_parser::query_parser::test::test_set_default_field_integer ... ok
test query::phrase_query::regex_phrase_weight::tests::test_phrase_regex_with_random_strings ... ok
test query::query_parser::query_parser::test::test_set_field_fuzzy ... ok
test query::query_parser::query_parser::test::test_single_negative_term ... ok
test query::query_parser::query_parser::test::test_regex ... ok
test query::query_parser::query_parser::test::test_split_full_path ... ok
test query::query_parser::query_parser::test::test_space_before_value ... ok
test query::query_parser::query_parser::test::test_unknown_tokenizer ... ok
test query::query_parser::query_parser::test::test_term_set_query ... ok
test query::range_query::contiguous_doc_set::tests::contiguous_doc_set_advance_after_terminated_is_idempotent ... ok
test query::range_query::contiguous_doc_set::tests::contiguous_doc_set_basic_advance_sequence ... ok
test query::range_query::contiguous_doc_set::tests::contiguous_doc_set_cost_cases ... ok
test query::range_query::contiguous_doc_set::tests::contiguous_doc_set_empty_range_returns_terminated ... ok
test query::range_query::contiguous_doc_set::tests::contiguous_doc_set_seek_before_within_after_range ... ok
test query::range_query::contiguous_doc_set::tests::contiguous_doc_set_fill_buffer_cases ... ok
test query::range_query::contiguous_doc_set::tests::contiguous_doc_set_fill_buffer_multiple_calls_are_sequential ... ok
test query::range_query::contiguous_doc_set::tests::contiguous_doc_set_seek_danger_found ... ok
test query::range_query::contiguous_doc_set::tests::contiguous_doc_set_seek_danger_not_found ... ok
test query::range_query::contiguous_doc_set::tests::contiguous_doc_set_seek_then_advance_continues_correctly ... ok
test query::range_query::contiguous_doc_set::tests::contiguous_doc_set_single_doc_lifecycle ... ok
test query::range_query::contiguous_doc_set::tests::contiguous_doc_set_size_hint_equals_range_len ... ok
test query::range_query::contiguous_doc_set::tests::contiguous_doc_set_size_hint_stable_after_iteration ... ok
test query::range_query::fast_field_range_doc_set::tests::seek_danger_found_leaves_valid_state ... ok
test query::range_query::fast_field_range_doc_set::tests::range_query_no_overlap_optimization ... ok
test query::range_query::fast_field_range_doc_set::tests::range_query_fast_optional_field_minimum ... ok
test query::range_query::fast_field_range_doc_set::tests::seek_danger_multivalued ... ok
test query::range_query::fast_field_range_doc_set::tests::seek_danger_terminated_and_out_of_bounds ... ok
test query::range_query::fast_field_range_doc_set::tests::seek_danger_miss_returns_lower_bound ... ok
test query::range_query::range_query::tests::test_bug_reproduce_range_query ... ok
test query::range_query::range_query::tests::search_ip_range_test_posting_list ... ok
test query::range_query::range_query::tests::search_ip_range_test ... ok
test query::range_query::range_query::tests::test_range_query ... ok
test query::range_query::range_query::tests::test_range_float ... ok
test query::range_query::range_query::tests::test_range_query_simplified ... ok
test query::range_query::range_query::tests::test_range_query_simple ... ok
test query::range_query::range_query::tests::test_range_query_with_limit ... ok
test indexer::merger_sorted_index_test::tests::test_merge_sorted_index_u64_matches_sorted_input ... ok
test query::range_query::range_query_fastfield::ip_range_tests::test_ip_range_regression1 ... ok
test query::range_query::range_query_fastfield::ip_range_tests::test_ip_range_regression3_simple ... ok
test query::boolean_query::block_wand_intersection::tests::test_block_wand_intersection_two_scorers ... ok
test query::range_query::fast_field_range_doc_set::tests::seek_danger_matches_seek ... ok
test query::range_query::range_query_fastfield::sorted_range_tests::proptest_sorted_asc_range_equivalence ... ok
test query::range_query::range_query_fastfield::sorted_range_tests::proptest_sorted_desc_range_equivalence ... ok
test indexer::merger::tests::merges_f64_fast_fields_correctly ... ok
test query::range_query::range_query_fastfield::sorted_range_tests::sorted_range_activates_when_sort_field_matches ... ok
test query::range_query::range_query_fastfield::sorted_range_tests::sorted_range_asc_bounds_matrix ... ok
test query::range_query::range_query_fastfield::sorted_range_tests::sorted_range_bytes_dictionary_bounds_correct ... ok
test query::range_query::range_query_fastfield::sorted_range_tests::sorted_range_desc_bounds_matrix ... ok
test query::range_query::range_query_fastfield::sorted_range_tests::sorted_range_edge_cases ... ok
test query::range_query::range_query_fastfield::sorted_range_tests::sorted_range_f32_precision_no_collision_regression ... ok
test query::range_query::range_query_fastfield::sorted_range_tests::sorted_range_falls_back_when_index_not_sorted ... ok
test query::range_query::range_query_fastfield::sorted_range_tests::sorted_range_falls_back_when_sort_field_mismatches_query_field ... ok
test query::range_query::range_query_fastfield::sorted_range_tests::proptest_sorted_vs_unsorted_equivalence ... ok
test query::range_query::range_query_fastfield::sorted_range_tests::sorted_range_optional_correctness_after_merge ... ok
test query::range_query::range_query_fastfield::sorted_range_tests::sorted_range_str_dictionary_bounds_correct ... ok
test query::range_query::range_query_fastfield::sorted_range_tests::sorted_range_optional_nulls_excluded ... ok
test query::range_query::range_query_fastfield::sorted_range_tests::sorted_range_u64_precision_above_2_53_regression ... ok
test query::range_query::range_query_fastfield::sorted_range_tests::sorted_range_term_intersection_matrix ... ok
test query::range_query::range_query_fastfield::sorted_range_tests::proptest_sorted_with_nulls_equivalence ... ok
test query::range_query::range_query_fastfield::tests::json_range_mixed_val ... ok
test query::range_query::range_query_fastfield::sorted_range_tests::sorted_range_with_deletes ... ok
test query::range_query::range_query_fastfield::tests::mixed_numerical_test ... ok
test query::range_query::range_query_fastfield::tests::json_range_test ... ok
test query::range_query::range_query_fastfield::tests::range_regression1_test ... ok
test query::range_query::range_query_fastfield::tests::range_regression1_test_json ... ok
test query::range_query::range_query_fastfield::tests::range_regression3_test ... ok
test query::range_query::range_query_fastfield::tests::test_bytes_field_ff_range_query ... ok
test query::range_query::range_query_fastfield::tests::range_regression4_test ... ok
test query::range_query::range_query_fastfield::ip_range_tests::test_ip_range_regression3 ... ok
test query::range_query::range_query_fastfield::ip_range_tests::test_ip_range_regression2 ... ok
test query::range_query::range_query_fastfield::tests::test_date_range_query ... ok
test query::range_query::range_query_fastfield::tests::test_range_regression_simplified ... ok
test query::range_query::range_query_fastfield::tests::test_text_field_ff_range_query ... ok
test query::boolean_query::block_wand_intersection::tests::test_block_wand_intersection_three_scorers ... ok
test query::range_query::range_query_fastfield::tests::test_range_regression3 ... ok
test query::range_query::range_query_fastfield::tests::test_range_regression2 ... ok
test query::range_query::sorted_internals::gallop_tests::asc_target_at_exact_hi_value ... ok
test query::range_query::sorted_internals::gallop_tests::asc_target_at_exact_lo_value ... ok
test query::range_query::sorted_internals::gallop_tests::asc_target_before_window ... ok
test query::range_query::sorted_internals::gallop_tests::asc_target_between_elements ... ok
test query::range_query::sorted_internals::gallop_tests::asc_target_past_window ... ok
test query::range_query::sorted_internals::gallop_tests::asc_target_near_hi ... ok
test query::range_query::sorted_internals::gallop_tests::asc_target_near_lo ... ok
test query::range_query::sorted_internals::gallop_tests::desc_basic ... ok
test query::range_query::sorted_internals::gallop_tests::batch_fetch_matches_binary_search_at_window_boundaries ... ok
test query::range_query::sorted_internals::gallop_tests::partition_point_empty_slice ... ok
test query::range_query::sorted_internals::gallop_tests::partition_point_flip_near_end ... ok
test query::range_query::sorted_internals::gallop_tests::partition_point_flip_near_lo ... ok
test query::range_query::sorted_internals::gallop_tests::partition_point_lo_at_end ... ok
test query::range_query::sorted_internals::gallop_tests::empty_window ... ok
test query::range_query::sorted_internals::gallop_tests::fallback_boundary_window_15_vs_16 ... ok
test query::range_query::sorted_internals::gallop_tests::large_window_multiple_gallop_steps ... ok
test query::range_query::sorted_internals::gallop_tests::partition_point_pred_false_at_lo ... ok
test query::range_query::sorted_internals::gallop_tests::partition_point_pred_true_everywhere ... ok
test query::range_query::sorted_internals::gallop_tests::prop_gallop_partition_point_matches_std ... ok
test query::regex_query::test::test_construct_from_regex ... ok
test query::range_query::sorted_internals::gallop_tests::single_element_window ... ok
test query::range_query::sorted_internals::gallop_tests::shrinking_window_lo_advances ... ok
test query::reqopt_scorer::tests::test_reqopt_scorer ... ok
test query::reqopt_scorer::tests::test_reqopt_scorer_empty ... ok
test query::reqopt_scorer::tests::test_reqopt_scorer_seek ... ok
test query::regex_query::test::test_pattern_error ... ok
test query::size_hint::tests::test_estimate_intersection_large ... ok
test query::size_hint::tests::test_estimate_intersection_large_values ... ok
test query::reqopt_scorer::tests::test_reqopt_scorer_skip ... ok
test query::size_hint::tests::test_estimate_intersection_overflow_safety ... ok
test query::size_hint::tests::test_estimate_intersection_small1 ... ok
test query::regex_query::test::test_regex_query ... ok
test query::regex_query::test::test_construct_from_reused_regex ... ok
test query::size_hint::tests::test_estimate_intersection_small2 ... ok
test query::size_hint::tests::test_estimate_union_large_values ... ok
test query::size_hint::tests::test_estimate_union_overflow_safety ... ok
test query::size_hint::tests::test_estimate_union_small ... ok
test query::term_query::term_scorer::tests::test_block_wand ... ok
test query::term_query::term_scorer::tests::test_block_wand_long_test ... ignored
test query::term_query::term_scorer::tests::test_term_scorer_max_score ... ok
test query::term_query::term_scorer::tests::test_term_scorer_shallow_advance ... ok
test query::term_query::tests::test_term_query_debug ... ok
test query::term_query::term_query::tests::search_ip_test ... ok
test query::term_query::tests::test_term_query_explain ... ok
test query::term_query::tests::test_term_query_count_when_there_are_deletes ... ok
test query::term_query::tests::test_term_query_fallback_ip_fast_only ... ok
test query::term_query::tests::test_term_query_fallback_fastfield_with_scores_errors ... ok
test query::term_query::term_scorer::tests::test_term_scorer_block_max_score ... ok
test query::term_query::tests::test_term_query_fallback_json_fast_only ... ok
test directory::mmap_directory::tests::test_mmap_released ... ok
test query::term_query::tests::test_term_query_fallback_to_fastfield ... ok
test query::term_query::tests::test_term_query_fallback_text_fast_only ... ok
test query::term_query::tests::test_term_query_no_freq ... ok
test query::term_query::tests::test_term_query_multiple_of_block_len ... ok
test query::term_query::tests::test_term_weight_all_query_optimization ... ok
test query::term_query::tests::test_term_query_simple_seek ... ok
test query::term_set_query::term_set_gallop::gallop_tests::gallop_all_terms_outside_range_returns_empty ... ok
test query::term_query::tests::test_term_weight_all_query_optimization_disable_when_scoring_enabled ... ok
test query::term_query::tests::test_term_weight ... ok
test query::term_set_query::term_set_gallop::gallop_tests::gallop_design_doc_fixture_asc ... ok
test query::term_set_query::term_set_gallop::gallop_tests::gallop_single_term ... ok
test query::term_set_query::term_set_gallop::gallop_tests::gallop_optional_with_nulls_asc ... ok
test query::term_set_query::term_set_gallop::gallop_tests::seek_inside_current_range_returns_target ... ok
test query::term_set_query::term_set_gallop::gallop_tests::gallop_design_doc_fixture_desc_matches_query_pipeline ... ok
test query::term_set_query::term_set_gallop::gallop_tests::seek_past_non_null_end_terminates ... ok
test query::term_set_query::term_set_gallop::gallop_tests::seek_skips_intermediate_terms_via_partition_point ... ok
test query::term_set_query::term_set_gallop::gallop_tests::seek_to_non_matching_value_lands_on_next_term ... ok
test query::term_set_query::term_set_query::tests::test_term_set_query ... ok
test query::term_set_query::term_set_query::tests::test_term_set_query_parser ... ok
test query::term_set_query::term_set_strategy::tests::d1_gate_rejects_bitset_just_above_threshold ... ok
test query::range_query::range_query_fastfield::tests::test_range_for_docs_prop ... ok
test query::term_set_query::term_set_strategy::tests::d1_gate_admits_bitset_just_below_threshold ... ok
test query::range_query::range_query_fastfield::sorted_range_tests::proptest_sorted_with_deletes_equivalence ... ok
test query::term_set_query::term_set_strategy::tests::d2_gate_rejects_bitset_just_above_threshold ... ok
test query::term_set_query::term_set_strategy::tests::d2_gate_admits_bitset_just_below_threshold ... ok
test query::term_set_query::term_set_strategy::tests::select_handles_min_max_pruning_dropping_all_terms ... ok
test query::term_set_query::term_set_strategy::tests::empty_inputs_route_to_empty_strategy ... ok
test query::term_set_query::term_set_strategy::tests::gallop_admits_at_any_density_when_segment_is_sorted ... ok
test query::term_set_query::term_set_strategy::tests::d50_uses_the_multi_value_gate ... ok
test query::term_set_query::term_set_strategy::tests::select_falls_back_to_linear_scan_when_density_exceeds_bitset_threshold ... ok
test query::term_set_query::term_set_strategy::tests::select_respects_gallop_enabled_kill_switch ... ok
test query::term_set_query::term_set_strategy::tests::select_returns_bitset_when_first_column_highly_selective ... ok
test query::term_set_query::term_set_strategy::tests::select_returns_bitset_from_postings_when_subsequent_column_kd_below_threshold ... ok
test query::term_set_query::term_set_strategy::tests::select_returns_bitset_from_postings_when_gallop_kill_switch_engaged ... ok
test query::term_set_query::term_set_strategy::tests::select_returns_linear_scan_for_subsequent_column_when_kd_exceeds_threshold ... ok
test query::term_set_query::term_set_strategy::tests::select_returns_gallop_when_sorted_and_small_k ... ok
test query::term_set_query::term_set_weight::tests::test_term_set_query_fast_field_missing_value ... ok
test query::term_set_query::term_set_weight::tests::test_term_set_query_fast_field_empty ... ok
test query::term_set_query::term_set_weight::tests::test_term_set_query_fast_field_ip ... ok
test query::term_set_query::term_set_strategy::tests::select_skips_gallop_when_unsorted ... ok
test query::term_set_query::term_set_strategy::tests::select_skips_gallop_when_field_mismatches_sort_field ... ok
test query::term_set_query::term_set_weight::tests::test_term_set_query_fast_field_no_match ... ok
test query::term_set_query::term_set_weight::tests::test_term_set_query_fast_field_string ... ok
test query::term_set_query::term_set_weight::tests::test_term_set_query_fast_field_u64 ... ok
test query::union::tests::test_buffered_union_seek_into_danger_zone_terminated ... ok
test query::tests::test_mixed_intersection_and_union ... ok
test query::tests::test_query_terms ... ok
test query::term_set_query::term_set_weight::tests::test_term_set_query_parser_fast_field ... ok
test query::union::tests::test_union_skip_corner_case ... ok
test query::union::tests::test_union_skip_corner_case2 ... ok
test query::union::tests::test_union_skip_corner_case3 ... ok
test query::union::tests::test_union_skip_specific ... ok
test query::vec_docset::tests::test_fill_buffer ... ok
test query::vec_docset::tests::test_vec_postings ... ok
test query::term_set_query::term_set_weight::tests::test_term_set_query_size_hint_no_match_in_intersection ... ok
test query::union::tests::test_union_is_same ... ok
test schema::bytes_options::tests::test_bytes_option_fast_ ... ok
test schema::bytes_options::tests::test_bytes_option_fast_flag ... ok
test schema::bytes_options::tests::test_bytes_option_fast_flag_composition ... ok
test query::term_set_query::term_set_strategy::tests::select_writes_chosen_tag_to_strategy_sink ... ok
test schema::bytes_options::tests::test_bytes_options_deser_if_fieldnorm_false_indexed_true ... ok
test schema::bytes_options::tests::test_bytes_options_deser_if_fieldnorm_missing_indexed_false ... ok
test schema::bytes_options::tests::test_bytes_options_deser_if_fieldnorm_missing_indexed_true ... ok
test schema::bytes_options::tests::test_bytes_options_deser_if_fieldnorm_true_indexed_false ... ok
test query::tests::test_mixed_intersection_and_union_with_skip ... ok
test schema::date_time_options::tests::test_date_options_consistent_with_default ... ok
test schema::date_time_options::tests::test_deserialize_date_options_with_wrong_options ... ok
test schema::date_time_options::tests::test_serialize_date_option ... ok
test schema::document::de::tests::test_array_serialize ... ok
test schema::document::de::tests::test_json_compat ... ok
test schema::document::de::tests::test_nested_date_precision ... ok
test schema::document::de::tests::test_nested_serialize ... ok
test schema::document::de::tests::test_object_serialize ... ok
test schema::document::de::tests::test_simple_value_serialize ... ok
test schema::document::default_document::tests::test_doc ... ok
test schema::document::default_document::tests::test_json_value ... ok
test schema::document::erased::tests::test_erased_document_walk_and_downcast ... ok
test schema::document::owned_value::tests::test_parse_bytes_doc ... ok
test schema::document::owned_value::tests::test_parse_empty_bytes_doc ... ok
test schema::document::owned_value::tests::test_parse_many_bytes_doc ... ok
test schema::document::owned_value::tests::test_serialize_date ... ok
test schema::document::se::tests::test_array_serialize ... ok
test schema::document::se::tests::test_document_serialize ... ok
test schema::document::se::tests::test_nested_serialize ... ok
test schema::document::se::tests::test_object_serialize ... ok
test schema::document::se::tests::test_simple_value_serialize ... ok
test schema::facet::tests::deserialize_from_borrowed_string ... ok
test schema::facet::tests::deserialize_from_invalid_string ... ok
test schema::facet::tests::deserialize_from_owned_string ... ok
test schema::facet::tests::only_proper_prefixes ... ok
test schema::facet::tests::root_is_a_prefix ... ok
test schema::facet::tests::test_facet_debug ... ok
test schema::facet::tests::test_from_path ... ok
test schema::facet::tests::test_facet_display ... ok
test schema::facet::tests::test_from_text ... ok
test schema::facet::tests::test_root ... ok
test schema::facet::tests::test_to_path ... ok
test schema::facet::tests::test_to_path_string ... ok
test schema::facet::tests::test_to_path_string_empty ... ok
test schema::facet_options::tests::test_from_index_flag ... ok
test schema::field_entry::tests::test_json_deserialization ... ok
test schema::field_entry::tests::test_json_serialization ... ok
test schema::field_entry::tests::test_invalid_field_name_should_panic - should panic ... ok
test schema::field_type::tests::test_bytes_value_from_json ... ok
test schema::field_type::tests::test_deserialize_json_date ... ok
test schema::field_type::tests::test_pre_tok_str_value_from_json ... ok
test schema::field_type::tests::test_serialize_json_date ... ok
test schema::field_type::tests::test_to_bool_coercion ... ok
test schema::field_type::tests::test_to_number_coercion ... ok
test schema::field_type::tests::test_to_number_no_coercion ... ok
test schema::field_type::tests::test_to_string_coercion ... ok
test schema::field_type::tests::test_type_codes ... ok
test schema::json_object_options::tests::test_fast_serde ... ok
test schema::json_object_options::tests::test_json_options ... ok
test schema::numeric_options::tests::test_int_options_deser_if_coerce_true ... ok
test schema::numeric_options::tests::test_int_options_deser_if_fieldnorm_false_indexed_true ... ok
test schema::numeric_options::tests::test_int_options_deser_if_fieldnorm_missing_indexed_false ... ok
test schema::numeric_options::tests::test_int_options_deser_if_fieldnorm_missing_indexed_true ... ok
test schema::numeric_options::tests::test_int_options_deser_if_fieldnorm_true_indexed_false ... ok
test schema::schema::tests::is_indexed_test ... ok
test schema::field_entry::tests::test_missing_fieldnorms ... ok
test schema::schema::tests::test_document_from_nameddoc ... ok
test schema::schema::tests::test_document_missing_field_no_error ... ok
test schema::schema::tests::test_document_to_ipv4_json ... ok
test schema::schema::tests::test_document_to_json ... ok
test schema::schema::tests::test_find_field ... ok
test schema::schema::tests::test_find_field_with_default ... ok
test schema::schema::tests::test_locate_splitting_dots ... ok
test schema::schema::tests::test_parse_document ... ok
test schema::schema::tests::test_schema_add_field ... ok
test schema::schema::tests::test_schema_serialization ... ok
test schema::term::tests::test_term_bool ... ok
test schema::term::tests::test_term_str ... ok
test schema::term::tests::test_term_u64 ... ok
test schema::tests::test_is_valid_name ... ok
test schema::text_options::tests::serde_default_test ... ok
test schema::text_options::tests::serde_fast_field_tokenizer ... ok
test schema::text_options::tests::test_cmp_index_record_option ... ok
test schema::text_options::tests::test_fast_field_options_composition_raw_tokenizer_gets_overridden ... ok
test schema::text_options::tests::test_field_options ... ok
test schema::vector_options::tests::test_vector_field_schema_round_trip ... ok
test snippet::tests::test_adjacent_ranges ... ok
test snippet::tests::test_collapse_overlapped_ranges ... ok
test snippet::tests::test_complex_scenario ... ok
test snippet::tests::test_contained_ranges ... ok
test snippet::tests::test_duplicate_ranges ... ok
test snippet::tests::test_no_overlap ... ok
test snippet::tests::test_empty_input ... ok
test snippet::tests::test_overlapping_ranges ... ok
test snippet::tests::test_single_range ... ok
test snippet::tests::test_snippet ... ok
test snippet::tests::test_snippet_generator_custom_highlighted_elements ... ok
test snippet::tests::test_snippet_generator_paging_is_consistent ... ok
test snippet::tests::test_snippet_generator_backward_compatibility ... ok
test snippet::tests::test_snippet_generator_term_score ... ok
test snippet::tests::test_snippet_in_second_fragment ... ok
test snippet::tests::test_snippet_generator ... ok
test snippet::tests::test_snippet_scored_fragment ... ok
test snippet::tests::test_snippet_with_limit_and_offset ... ok
test snippet::tests::test_snippet_with_no_terms ... ok
test snippet::tests::test_snippet_with_overlapped_highlighted_ranges ... ok
test snippet::tests::test_snippet_with_second_fragment_has_the_highest_score ... ok
test snippet::tests::test_snippet_with_term_at_the_end_of_fragment ... ok
test snippet::tests::test_snippet_with_term_not_in_text ... ok
test snippet::tests::test_snippet_generator_unlimited_fragments ... ok
test snippet::tests::test_snippets_empty_fragments ... ok
test snippet::tests::test_snippets_more_requested_than_available ... ok
test snippet::tests::test_snippets_multiple_fragments ... ok
test snippet::tests::test_snippets_long_document_dispersed_matches ... ok
test snippet::tests::test_snippets_limit_less_than_fragments ... ok
test snippet::tests::test_snippets_position_tiebreaker ... ok
test snippet::tests::test_snippets_score_based_selection ... ok
test snippet::tests::test_snippets_unlimited_fragments ... ok
test snippet::tests::test_snippets_with_offset ... ok
test snippet::tests::test_unsorted_ranges ... ok
test snippet::tests::test_snippets_offset_changes_selection ... ok
test snippet::tests::test_zero_length_ranges ... ok
test space_usage::test::test_empty ... ok
test space_usage::test::test_fast_indexed ... ok
test space_usage::test::test_store ... ok
test store::decompressors::tests::compressor_decompressor_id_test ... ok
test query::union::tests::test_union ... ok
test store::footer::doc_store_footer_test ... ok
test store::index::block::tests::test_block_serialize ... ok
test store::index::block::tests::test_block_serialize_empty ... ok
test store::index::block::tests::test_block_serialize_large_byte_range ... ok
test store::index::block::tests::test_block_serialize_simple ... ok
test space_usage::test::test_deletes ... ok
test store::index::tests::test_skip_index ... ok
test store::index::tests::test_skip_index_empty ... ok
test store::index::tests::test_skip_index_long ... ok
test store::index::tests::test_skip_index_single_el ... ok
test store::reader::tests::test_doc_store_version_ord ... ok
test space_usage::test::test_text ... ok
test store::store_compressor::tests::test_block_store_compressor_impls_yield_the_same_result ... ok
test store::reader::tests::test_store_lru_cache ... ok
test store::index::tests::test_merge_store_with_stacking_reproducing_issue969 ... ok
test store::tests::test_doc_store_iter_with_delete_bug_1077 ... ok
test store::tests::test_merge_of_small_segments ... ok
test store::tests::test_store_lz4_block ... ok
test store::tests::test_store_no_compression ... ok
test termdict::fst_termdict::term_info_store::tests::test_bitpacked ... ok
test termdict::fst_termdict::term_info_store::tests::test_pack ... ok
test termdict::fst_termdict::term_info_store::tests::test_term_info_block ... ok
test termdict::fst_termdict::term_info_store::tests::test_term_info_block_meta_serialization ... ok
test store::tests::test_store_no_compression_same_thread ... ok
test store::index::tests::test_proptest_skip ... ok
test termdict::tests::test_empty_term_dictionary ... ok
test termdict::tests::test_automaton_search ... ok
test termdict::tests::test_empty_string ... ok
test store::tests::test_store_with_delete ... ok
test termdict::tests::test_ord_to_term ... ok
test termdict::tests::test_stream_high_range_prefix_suffix ... ok
test termdict::tests::test_stream_range_boundaries_forward ... ok
test termdict::tests::test_stream_range_boundaries_backward ... ok
test termdict::tests::test_stream_term_ord ... ok
test termdict::tests::test_term_dictionary_simple ... ok
test tests::test_datetime ... ok
test termdict::tests::test_term_ordinals ... ok
test termdict::tests::test_stream_range ... ok
test tests::test_delete_postings2 ... ok
test tests::test_delete_postings1 ... ok
test tests::test_doc_macro ... ok
test termdict::tests::test_term_dictionary_stream ... ok
test tests::test_fieldnorm ... ok
test tests::test_fieldnorm_no_docs_with_field ... ok
test tests::test_indexed_f64 ... ok
test tests::test_docfreq1 ... ok
test tests::test_indexed_i64 ... ok
test tests::test_indexedfield_not_in_documents ... ok
test tests::test_indexed_u64 ... ok
test tests::test_json_number_ambiguity ... ok
test tests::test_searcher_2 ... ok
test tests::test_searcher_on_json_field_with_type_inference ... ok
test query::union::tests::test_union_skip_random ... ok
test tests::test_termfreq ... ok
test query::range_query::sorted_internals::gallop_tests::prop_gallop_matches_binary_search ... ok
test tests::test_version_string ... ok
test tests::test_wrong_fast_field_type ... ok
test tests::test_validate_checksum ... ok
test tokenizer::alphanum_only::tests::test_alphanum_only ... ok
test tokenizer::ascii_folding_filter::tests::test_ascii_folding ... ok
test tokenizer::ascii_folding_filter::tests::test_latin1_characters ... ok
test tokenizer::ascii_folding_filter::tests::test_no_change ... ok
test tokenizer::ascii_folding_filter::tests::test_all_foldings ... ok
test tokenizer::ascii_folding_filter::tests::test_to_ascii ... ok
test tokenizer::ascii_folding_filter::tests::test_unmodified_letters ... ok
test tokenizer::empty_tokenizer::tests::test_empty_tokenizer ... ok
test tokenizer::facet_tokenizer::tests::test_facet_tokenizer ... ok
test tokenizer::facet_tokenizer::tests::test_facet_tokenizer_root_facets ... ok
test tokenizer::lower_caser::tests::test_to_lower_case ... ok
test tokenizer::ngram_tokenizer::tests::test_codepoint_frontiers ... ok
test tokenizer::ngram_tokenizer::tests::test_ngram_empty ... ok
test tokenizer::ngram_tokenizer::tests::test_invalid_interval_should_panic_if_smaller - should panic ... ok
test tokenizer::ngram_tokenizer::tests::test_ngram_non_ascii_1_2 ... ok
test tokenizer::ngram_tokenizer::tests::test_ngram_non_ascii_2_5_prefix ... ok
test tokenizer::ngram_tokenizer::tests::test_ngram_min_max_interval_empty - should panic ... ok
test tokenizer::ngram_tokenizer::tests::test_ngram_tokenizer_1_2_false ... ok
test tokenizer::ngram_tokenizer::tests::test_ngram_tokenizer_2_5_prefix ... ok
test tokenizer::ngram_tokenizer::tests::test_ngram_tokenizer_min_max_equal ... ok
test tokenizer::ngram_tokenizer::tests::test_stuttering_iterator_empty ... ok
test tokenizer::ngram_tokenizer::tests::test_stuterring_iterator ... ok
test tokenizer::ngram_tokenizer::tests::test_utf8_codepoint_width ... ok
test tokenizer::raw_tokenizer::tests::test_raw_tokenizer ... ok
test tokenizer::regex_tokenizer::tests::test_regexp_tokenizer_error_on_invalid_regex ... ok
test tokenizer::regex_tokenizer::tests::test_regexp_tokenizer_no_input_data ... ok
test tokenizer::regex_tokenizer::tests::test_regex_tokenizer ... ok
test tokenizer::remove_long::tests::test_remove_long ... ok
test tokenizer::regex_tokenizer::tests::test_regexp_tokenizer_no_match_on_input_data ... ok
test tokenizer::simple_tokenizer::tests::test_simple_tokenizer ... ok
test tokenizer::stemmer::tests::test_en_stem ... ok
test tokenizer::split_compound_words::tests::splitting_compound_words_works ... ok
test tokenizer::stop_word_filter::tests::test_stop_word ... ok
test tokenizer::stemmer::tests::test_non_en_stem ... ok
test tokenizer::tests::test_cs_stemmer ... ok
test tokenizer::stop_word_filter::tests::test_stop_word_czech_language ... ok
test tokenizer::tests::test_en_tokenizer ... ok
test tokenizer::tests::test_non_en_stemmer ... ok
test tokenizer::tests::test_pl_stemmer ... ok
test tokenizer::tests::test_raw_tokenizer2 ... ok
test tokenizer::tests::test_tokenizer_does_not_exist ... ok
test tokenizer::tests::test_tokenizer_empty ... ok
test tokenizer::tests::test_whitespace_tokenizer ... ok
test tokenizer::tokenized_string::tests::test_tokenized_stream ... ok
test tokenizer::tokenizer::tests::test_text_analyzer_builder ... ok
test tokenizer::tokenizer::tests::test_text_analyzer_with_filters_boxed ... ok
test tokenizer::whitespace_tokenizer::tests::test_whitespace_tokenizer ... ok
test vector::backend::tests::bounds_gate_tests::armed_index_recorded ... ok
test vector::backend::tests::bounds_gate_tests::boundary_tie_probes_dot ... ok
test vector::backend::tests::bounds_gate_tests::boundary_tie_probes_l2 ... ok
test vector::backend::tests::bounds_gate_tests::skips_charge_open_share ... ok
test vector::backend::tests::bounds_gate_tests::t_maintenance_per_metric ... ok
test vector::backend::tests::bounds_gate_tests::unarmed_never_skips ... ok
test vector::backend::tests::bounds_gate_tests::closure_no_true_member_skipped ... ok
test vector::backend::tests::bounds_stats_tests::armed_null_when_unarmed ... ok
test vector::backend::tests::bounds_stats_tests::armed_index_value ... ok
test vector::backend::tests::bounds_stats_tests::skip_count_matches ... ok
test vector::backend::tests::empty_cluster_probed_but_fetch_skipped ... ok
test vector::backend::tests::filter_aware_fetch_across_selectivities ... ok
test vector::backend::tests::filter_aware_fetch_skips_all_dead_clusters ... ok
test vector::backend::tests::flat_exact_handles_bitmap_holes_and_deletes ... ok
test vector::backend::tests::filtered_rows_are_not_charged ... ok
test vector::backend::tests::flat_exact_reads_one_row_per_survivor ... ok
test vector::backend::tests::imbalance_charges_proportionally ... ok
test vector::backend::tests::ivf_build_emits_timings_log ... ok
test vector::backend::tests::ivf_cluster_sizes_match_vector_info ... ok
test tests::test_indexing ... ok
test vector::backend::tests::ivf_probe_stats_termination_ceiling ... ok
test vector::backend::tests::ivf_routed_ranking_matches_oracle_on_separated_clusters ... ok
test vector::backend::tests::ivf_single_centroid_routes_without_graph ... ok
test vector::backend::tests::ivf_top_n_brute_force_oracle_cosine ... ok
test vector::backend::tests::ivf_top_n_brute_force_oracle_dot ... ok
test vector::backend::tests::ivf_top_n_brute_force_oracle_l2 ... ok
test vector::backend::tests::ivf_top_n_collects_probe_stats ... ok
test vector::backend::tests::ivf_top_n_empty_filter ... ok
test vector::backend::tests::ivf_top_n_filter_selectivity ... ok
test vector::backend::tests::ivf_top_n_trap_case ... ok
test vector::backend::tests::ivf_top_n_k_exceeds_candidates ... ok
test vector::backend::tests::ivf_top_n_respects_deletes ... ok
test vector::backend::tests::merge_deleting_every_doc_of_one_field_writes_empty_ivf ... ok
test vector::backend::tests::merge_flat_segments_with_deletes_into_ivf ... ok
test vector::backend::tests::probe_stats_serializes_to_json ... ok
test vector::backend::tests::unit_normalization_exact ... ok
test vector::bounds::bounds_margin_tests::boundary_tie_probes ... ok
test vector::bounds::bounds_margin_tests::filling_never_consumes_margin ... ok
test vector::bounds::bounds_margin_tests::halfspace_cases ... ok
test vector::bounds::bounds_margin_tests::saturated_probes ... ok
test vector::bounds::bounds_margin_tests::sphere_sphere_cases ... ok
test vector::bounds::bounds_peek_tests::filling_until_k ... ok
test vector::bounds::bounds_peek_tests::improvement_updates_key ... ok
test vector::bounds::bounds_peek_tests::kth_key_per_metric ... ok
test vector::bounds::bounds_storage_tests::builder_folds_max_and_saturates ... ok
test vector::bounds::bounds_storage_tests::kind_byte_round_trips ... ok
test vector::bounds::bounds_storage_tests::residual_norm_matches_hand_values ... ok
test vector::bounds::bounds_storage_tests::saturation_is_sticky ... ok
test vector::bounds::bounds_storage_tests::stride_table ... ok
test vector::backend::tests::ivf_top_n_zero_returns_empty ... ok
test vector::collector::ivf_e2e_tests::e2e_ivf_cluster_order_keeps_the_lowest_doc_of_a_tie ... ok
test vector::backend::tests::probe_stats_max_probe_fraction_ceiling ... ok
test vector::collector::ivf_e2e_tests::e2e_flat_matches_global_oracle ... ok
test vector::collector::ivf_e2e_tests::e2e_mixed_flat_and_ivf_matches_global_oracle ... ok
test tests::test_searcher_1 ... ok
test vector::collector::ivf_e2e_tests::e2e_tie_break_matches_oracle_and_leaves_probing_untouched ... ok
test vector::collector::ivf_e2e_tests::e2e_ivf_fruit_carries_per_segment_probe_stats ... ok
test vector::distance::tests::maybe_normalize_is_noop_for_dot ... ok
test vector::distance::tests::maybe_normalize_is_noop_for_l2 ... ok
test vector::distance::tests::maybe_normalize_routes_only_cosine_f32 ... ok
test vector::distance::tests::norm_squared_consistency ... ok
test vector::distance::tests::normalize_already_unit_is_idempotent ... ok
test vector::distance::tests::normalize_classifies_nan_as_non_finite ... ok
test vector::distance::tests::normalize_extreme_norm_exceeding_f32_max ... ok
test vector::distance::tests::normalize_scales_to_unit_norm ... ok
test vector::distance::tests::normalize_zero_vector_is_unchanged ... ok
test vector::distance::tests::test_byte_kernels_match_f32_kernels ... ok
test vector::distance::tests::test_cosine_identical ... ok
test vector::distance::tests::test_cosine_opposite ... ok
test vector::distance::tests::test_cosine_orthogonal ... ok
test vector::distance::tests::test_cosine_zero_norm ... ok
test vector::distance::tests::test_dot ... ok
test vector::distance::tests::test_higher_is_better_ranking ... ok
test vector::distance::tests::test_l2_squared ... ok
test vector::distance::tests::test_long_vector_chunking ... ok
test vector::distance::tests::wide_accumulation_single_square ... ok
test vector::distance::tests::wide_accumulation_sum_across_dims ... ok
test vector::collector::ivf_e2e_tests::e2e_tie_break_on_segment_local_term_ordinals ... ok
test vector::flat::id_map::tests::test_all_present_uses_identity_variant ... ok
test vector::flat::id_map::tests::test_doc_id_beyond_num_docs ... ok
test vector::flat::id_map::tests::test_bitmap_across_blocks ... ok
test vector::flat::id_map::tests::test_explicit_round_trip ... ok
test vector::flat::id_map::tests::test_none_present_uses_bitmap_variant ... ok
test vector::flat::id_map::tests::test_sparse_uses_bitmap_variant ... ok
test vector::header::tests::test_future_version_rejected ... ok
test vector::header::tests::test_header_preserves_body ... ok
test vector::header::tests::test_header_round_trip ... ok
test vector::header::tests::test_prior_version_parses ... ok
test vector::header::tests::test_truncated_header_rejected ... ok
test vector::ivf::bkt::tests::centers_byte_offset_points_at_center_tail ... ok
test vector::ivf::bkt::tests::search_iter_empty_tree_yields_nothing ... ok
test vector::ivf::bkt::tests::search_iter_n_respects_result_budget ... ok
test vector::ivf::bkt::tests::search_iter_yields_each_member_exactly_once ... ok
test vector::ivf::bkt::tests::search_iter_yields_graph_member_ids ... ok
test vector::ivf::bkt::tests::serialize_round_trips_owned_tree ... ok
test vector::ivf::graph::rng_tests::build_init_knn_seeds_reciprocal_edges ... ok
test vector::ivf::graph::rng_tests::build_recovers_the_path_graph ... ok
test vector::ivf::graph::rng_tests::refine_applies_rng_occlusion ... ok
test vector::ivf::graph::rng_tests::refine_caps_selected_neighbors_at_max_edges ... ok
test vector::ivf::graph::rng_tests::refine_keeps_duplicate_vector_edges ... ok
test vector::ivf::graph::rng_tests::refine_prunes_full_mesh_to_the_optimal_path_graph ... ok
test vector::ivf::graph::rng_tests::search_finds_nearest_neighbors ... ok
test vector::ivf::graph::rng_tests::search_from_a_node_returns_it_then_nearest ... ok
test vector::ivf::graph::rng_tests::search_handles_degenerate_inputs ... ok
test vector::ivf::graph::rng_tests::search_iter_first_batch_is_the_true_top_ef_sorted ... ok
test vector::ivf::graph::rng_tests::search_iter_first_batch_matches_search ... ok
test vector::ivf::graph::rng_tests::search_iter_handles_degenerate_inputs ... ok
test vector::ivf::graph::rng_tests::search_iter_resumes_past_the_first_batch ... ok
test vector::ivf::graph::rng_tests::search_iter_survives_duplicate_vectors ... ok
test vector::ivf::graph::rng_tests::search_iter_yields_every_reachable_node_exactly_once ... ok
test vector::ivf::graph::rng_tests::search_reuses_workspace_deterministically ... ok
test vector::ivf::graph::tests::borrowed_storage_leaves_the_arena_with_the_caller ... ok
test vector::ivf::graph::tests::bounded_top_k_evicts_the_least_similar ... ok
test vector::ivf::graph::tests::edge_lists_mut_allows_disjoint_parallel_writes ... ok
test vector::ivf::graph::tests::edges_are_directed_and_self_edges_ignored ... ok
test vector::ivf::graph::tests::edges_are_sorted_best_first ... ok
test vector::ivf::graph::tests::for_reload_pushes_edges_in_stored_order ... ok
test vector::ivf::graph::tests::iter_yields_vectors_in_node_order ... ok
test vector::ivf::graph::tests::new_derives_nodes_from_the_arena ... ok
test vector::ivf::graph::tests::re_adding_keeps_the_more_similar_score ... ok
test vector::ivf::graph::tests::new_rejects_a_misaligned_arena - should panic ... ok
test vector::ivf::graph::tests::reloaded_graph_serializes_byte_identically ... ok
test vector::ivf::graph::tests::serialize_writes_max_edges_then_padded_adjacency ... ok
test vector::ivf::graph::tests::set_neighbors_overwrites_and_repads ... ok
test vector::ivf::graph::tests::set_neighbors_rejects_more_than_max_edges - should panic ... ok
test vector::collector::ivf_e2e_tests::e2e_ivf_matches_global_oracle ... ok
test vector::ivf::ivf::tests::test_add_level_errors_when_empty ... ok
test vector::ivf::ivf::tests::test_build ... ok
test vector::ivf::ivf::tests::test_add_level ... ok
test vector::ivf::ivf::tests::test_add_l2_does_not_reorder_l0 ... ok
test vector::ivf::ivf::tests::test_build_canonicalizes_cluster_order ... ok
test vector::ivf::ivf::tests::test_serialize_round_trips ... ok
test vector::collector::ivf_e2e_tests::e2e_offset_window_matches_oracle_slice ... ok
test vector::ivf::ivf::tests::test_slice_backed_open_matches_owned_search ... ok
test vector::ivf::params::tests::budget_resolves_against_capacity ... ok
test vector::ivf::params::tests::non_positive_probe_fraction_errors ... ok
test vector::ivf::params::tests::primed_model_allocates_by_work ... ok
test vector::ivf::ivf::tests::test_slice_backed_open_rejects_truncation ... ok
test vector::ivf::params::tests::unprimed_capacity_is_the_cluster_count ... ok
test vector::ivf::partition::tests::partition_separates_two_far_clusters ... ok
test vector::ivf::partition::tests::partition_terminates_on_identical_vectors ... ok
test vector::router::tests::configured_router_opens_matching_payload ... ok
test vector::router::tests::configured_router_rejects_a_different_persisted_router ... ok
test vector::router::tests::pre_v3_router_format_is_rejected ... ok
test vector::router::tests::unknown_router_kind_is_rejected ... ok
test vector::tests::bounds_storage_tests::configured_router_cannot_be_changed ... ok
test vector::ivf::ivf::tests::test_builder_stacks_until_top_nlist_le_branching_factor ... ok
test vector::router::tests::rng_ranking_reuses_workspace_and_reports_graph_metrics ... ok
test vector::tests::bounds_storage_tests::ivf_merge_writes_stacked_slot_at_v3 ... ok
test vector::tests::bounds_storage_tests::opening_ivf_requires_the_configured_router_to_match ... ok
test vector::tests::bounds_storage_tests::merge_recomputes_bounds ... ok
test vector::tests::bounds_storage_tests::saturated_sentinel ... ok
test vector::tests::fixture_builds_expected_schema_docs_and_labels ... ok
test vector::tests::flat_top_n_returns_nearest_when_more_than_k_docs_per_segment ... ok
test vector::tests::fixture_uses_selected_storage_format ... ok
test vector::tests::ground_truth_orders_by_metric ... ok
test vector::tests::ingest_accepts_zero_vector ... ok
test vector::tests::ivf_clusterer_requires_an_explicit_router ... ok
test vector::tests::fixture_vectors_round_trip_from_readers ... ok
test vector::tests::ingest_rejects_non_finite_cosine_vector ... ok
test vector::tests::bounds_storage_tests::roundtrip_per_metric ... ok
test vector::tests::ivf_fixture_uses_custom_centroids_for_assignment ... ok
test vector::tests::ivf_merge_writes_the_selected_stacked_router ... ok
test vector::tests::vector_files_stamp_format_version_header ... ok
test reader::warming::tests::warming_four_threads ... ok
test query::range_query::range_query_fastfield::ip_range_tests::test_ip_range_for_docs_prop ... ok
test tests::test_update_via_delete_insert ... ok
test tests::test_delete_by_address ... ok
test reader::warming::tests::warming_single_thread ... ok
test aggregation::bucket::histogram::histogram::tests::histogram_dense_storage_test ... ok

test result: ok. 1500 passed; 0 failed; 20 ignored; 0 measured; 2 filtered out; finished in 3.84s
